'id','date','rate','from_currency','to_currency'
3002,2023-09-01,1.0,EUR,EUR
3003,2023-09-01,1.129318231,GBP,EUR
3004,2023-09-01,0.9390553104,USD,EUR
3005,2023-09-01,0.007030371204,JPY,EUR
3006,2023-09-01,0.1344718618,DKK,EUR
3007,2023-09-01,0.6305567816,AUD,EUR
3008,2023-09-01,0.6908462867,CAD,EUR
3009,2023-09-01,1.016260163,CHF,EUR
3010,2023-09-01,0.08962179602,SEK,EUR
3011,2023-09-01,0.09478672986,NOK,EUR
3012,2023-09-01,0.05495501932,ZAR,EUR
3013,2023-09-01,0.1806652093,BRL,EUR
3014,2023-09-01,0.04842380514,MXN,EUR
3015,2023-09-01,0.1204906379,HKD,EUR
3016,2023-09-01,0.6963788301,SGD,EUR
3017,2023-09-01,0.1348599479,CNY,EUR
3018,2023-09-01,0.5921714929,NZD,EUR
3019,2023-09-01,0.0113340776,INR,EUR
3020,2023-09-01,0.2556152275,AED,EUR
3021,2023-09-01,2.496691883,BHD,EUR
3022,2023-09-01,0.2503241698,SAR,EUR
3023,2023-09-01,0.01282127388,RUB,EUR
3024,2023-09-01,0.2134243944,PLN,EUR
3025,2023-09-01,0.02711717331,THB,EUR
3026,2023-09-01,0.2122871821,MYR,EUR
3027,2023-09-01,0.03052790067,TWD,EUR
3028,2023-09-01,0.04133768757,CZK,EUR
3029,2023-09-01,0.2020487746,RON,EUR
3030,2023-09-01,0.0007406419885,KRW,EUR
3031,2023-09-01,0.002568386435,LKR,EUR
3032,2023-09-01,0.00003972093343,VND,EUR
3033,2023-09-01,0.88549,EUR,GBP
3034,2023-09-01,1.0,GBP,GBP
3035,2023-09-01,0.8315240868,USD,GBP
3036,2023-09-01,0.006225323397,JPY,GBP
3037,2023-09-01,0.1190734889,DKK,GBP
3038,2023-09-01,0.5583517246,AUD,GBP
3039,2023-09-01,0.6117374784,CAD,GBP
3040,2023-09-01,0.8998882114,CHF,GBP
3041,2023-09-01,0.07935920416,SEK,GBP
3042,2023-09-01,0.08393270142,NOK,GBP
3043,2023-09-01,0.04866212005,ZAR,GBP
3044,2023-09-01,0.1599772362,BRL,GBP
3045,2023-09-01,0.04287879522,MXN,GBP
3046,2023-09-01,0.1066932549,HKD,GBP
3047,2023-09-01,0.6166364903,SGD,GBP
3048,2023-09-01,0.1194171353,CNY,GBP
3049,2023-09-01,0.5243619352,NZD,GBP
3050,2023-09-01,0.01003621238,INR,GBP
3051,2023-09-01,0.2263447278,AED,GBP
3052,2023-09-01,2.210795696,BHD,GBP
3053,2023-09-01,0.2216595491,SAR,GBP
3054,2023-09-01,0.01135310981,RUB,GBP
3055,2023-09-01,0.188985167,PLN,GBP
3056,2023-09-01,0.02401198579,THB,GBP
3057,2023-09-01,0.1879781769,MYR,GBP
3058,2023-09-01,0.02703215076,TWD,GBP
3059,2023-09-01,0.03660410897,CZK,GBP
3060,2023-09-01,0.1789121694,RON,GBP
3061,2023-09-01,0.0006558310744,KRW,GBP
3062,2023-09-01,0.002274280504,LKR,GBP
3063,2023-09-01,0.00003517248935,VND,GBP
3064,2023-09-01,1.0649,EUR,USD
3065,2023-09-01,1.202610984,GBP,USD
3066,2023-09-01,1.0,USD,USD
3067,2023-09-01,0.007486642295,JPY,USD
3068,2023-09-01,0.1431990856,DKK,USD
3069,2023-09-01,0.6714799168,AUD,USD
3070,2023-09-01,0.7356822107,CAD,USD
3071,2023-09-01,1.082215447,CHF,USD
3072,2023-09-01,0.09543825058,SEK,USD
3073,2023-09-01,0.1009383886,NOK,USD
3074,2023-09-01,0.05852160007,ZAR,USD
3075,2023-09-01,0.1923903814,BRL,USD
3076,2023-09-01,0.0515665101,MXN,USD
3077,2023-09-01,0.1283104803,HKD,USD
3078,2023-09-01,0.7415738162,SGD,USD
3079,2023-09-01,0.1436123586,CNY,USD
3080,2023-09-01,0.6306034228,NZD,USD
3081,2023-09-01,0.01206965924,INR,USD
3082,2023-09-01,0.2722046558,AED,USD
3083,2023-09-01,2.658727186,BHD,USD
3084,2023-09-01,0.2665702084,SAR,USD
3085,2023-09-01,0.01365337455,RUB,USD
3086,2023-09-01,0.2272756376,PLN,USD
3087,2023-09-01,0.02887707785,THB,USD
3088,2023-09-01,0.2260646202,MYR,USD
3089,2023-09-01,0.03250916142,TWD,USD
3090,2023-09-01,0.04402050349,CZK,USD
3091,2023-09-01,0.21516174,RON,USD
3092,2023-09-01,0.0007887096535,KRW,USD
3093,2023-09-01,0.002735074715,LKR,USD
3094,2023-09-01,0.00004229882201,VND,USD
3095,2023-09-01,142.24,EUR,JPY
3096,2023-09-01,160.6342251,GBP,JPY
3097,2023-09-01,133.5712273,USD,JPY
3098,2023-09-01,1.0,JPY,JPY
3099,2023-09-01,19.12727762,DKK,JPY
3100,2023-09-01,89.69039662,AUD,JPY
3101,2023-09-01,98.26597582,CAD,JPY
3102,2023-09-01,144.5528455,CHF,JPY
3103,2023-09-01,12.74780427,SEK,JPY
3104,2023-09-01,13.48246445,NOK,JPY
3105,2023-09-01,7.816801948,ZAR,JPY
3106,2023-09-01,25.69781937,BRL,JPY
3107,2023-09-01,6.887802043,MXN,JPY
3108,2023-09-01,17.13858833,HKD,JPY
3109,2023-09-01,99.05292479,SGD,JPY
3110,2023-09-01,19.182479,CNY,JPY
3111,2023-09-01,84.23047315,NZD,JPY
3112,2023-09-01,1.612159198,INR,JPY
3113,2023-09-01,36.35870996,AED,JPY
3114,2023-09-01,355.1294535,BHD,JPY
3115,2023-09-01,35.60610991,SAR,JPY
3116,2023-09-01,1.823697996,RUB,JPY
3117,2023-09-01,30.35748586,PLN,JPY
3118,2023-09-01,3.857146731,THB,JPY
3119,2023-09-01,30.19572878,MYR,JPY
3120,2023-09-01,4.342288591,TWD,JPY
3121,2023-09-01,5.87987268,CZK,JPY
3122,2023-09-01,28.7394177,RON,JPY
3123,2023-09-01,0.1053489164,KRW,JPY
3124,2023-09-01,0.3653272865,LKR,JPY
3125,2023-09-01,0.005649905571,VND,JPY
3126,2023-09-01,7.4365,EUR,DKK
3127,2023-09-01,8.398175022,GBP,DKK
3128,2023-09-01,6.983284815,USD,DKK
3129,2023-09-01,0.05228135546,JPY,DKK
3130,2023-09-01,1.0,DKK,DKK
3131,2023-09-01,4.689135507,AUD,DKK
3132,2023-09-01,5.137478411,CAD,DKK
3133,2023-09-01,7.557418699,CHF,DKK
3134,2023-09-01,0.6664724861,SEK,DKK
3135,2023-09-01,0.7048815166,NOK,DKK
3136,2023-09-01,0.4086730011,ZAR,DKK
3137,2023-09-01,1.343516829,BRL,DKK
3138,2023-09-01,0.3601036269,MXN,DKK
3139,2023-09-01,0.8960286286,HKD,DKK
3140,2023-09-01,5.17862117,SGD,DKK
3141,2023-09-01,1.002886003,CNY,DKK
3142,2023-09-01,4.403683307,NZD,DKK
3143,2023-09-01,0.08428586811,INR,DKK
3144,2023-09-01,1.900882639,AED,DKK
3145,2023-09-01,18.56664919,BHD,DKK
3146,2023-09-01,1.861535689,SAR,DKK
3147,2023-09-01,0.0953454032,RUB,DKK
3148,2023-09-01,1.587130509,PLN,DKK
3149,2023-09-01,0.2016568593,THB,DKK
3150,2023-09-01,1.57867363,MYR,DKK
3151,2023-09-01,0.2270207333,TWD,DKK
3152,2023-09-01,0.3074077136,CZK,DKK
3153,2023-09-01,1.502535712,RON,DKK
3154,2023-09-01,0.005507784147,KRW,DKK
3155,2023-09-01,0.01909980572,LKR,DKK
3156,2023-09-01,0.0002953847215,VND,DKK
3157,2023-09-01,1.5859,EUR,AUD
3158,2023-09-01,1.790985782,GBP,AUD
3159,2023-09-01,1.489247817,USD,AUD
3160,2023-09-01,0.01114946569,JPY,AUD
3161,2023-09-01,0.2132589256,DKK,AUD
3162,2023-09-01,1.0,AUD,AUD
3163,2023-09-01,1.095613126,CAD,AUD
3164,2023-09-01,1.611686992,CHF,AUD
3165,2023-09-01,0.1421312063,SEK,AUD
3166,2023-09-01,0.1503222749,NOK,AUD
3167,2023-09-01,0.08715316513,ZAR,AUD
3168,2023-09-01,0.2865169554,BRL,AUD
3169,2023-09-01,0.07679531258,MXN,AUD
3170,2023-09-01,0.1910861026,HKD,AUD
3171,2023-09-01,1.104387187,SGD,AUD
3172,2023-09-01,0.2138743914,CNY,AUD
3173,2023-09-01,0.9391247705,NZD,AUD
3174,2023-09-01,0.01797471367,INR,AUD
3175,2023-09-01,0.4053801893,AED,AUD
3176,2023-09-01,3.959503658,BHD,AUD
3177,2023-09-01,0.3969891009,SAR,AUD
3178,2023-09-01,0.02033325824,RUB,AUD
3179,2023-09-01,0.3384697471,PLN,AUD
3180,2023-09-01,0.04300512515,THB,AUD
3181,2023-09-01,0.3366662421,MYR,AUD
3182,2023-09-01,0.04841419767,TWD,AUD
3183,2023-09-01,0.06555743872,CZK,AUD
3184,2023-09-01,0.3204291516,RON,AUD
3185,2023-09-01,0.00117458413,KRW,AUD
3186,2023-09-01,0.004073204047,LKR,AUD
3187,2023-09-01,0.00006299342833,VND,AUD
3188,2023-09-01,1.4475,EUR,CAD
3189,2023-09-01,1.634688139,GBP,CAD
3190,2023-09-01,1.359282562,USD,CAD
3191,2023-09-01,0.01017646232,JPY,CAD
3192,2023-09-01,0.1946480199,DKK,CAD
3193,2023-09-01,0.9127309414,AUD,CAD
3194,2023-09-01,1.0,CAD,CAD
3195,2023-09-01,1.471036585,CHF,CAD
3196,2023-09-01,0.1297275497,SEK,CAD
3197,2023-09-01,0.1372037915,NOK,CAD
3198,2023-09-01,0.07954739046,ZAR,CAD
3199,2023-09-01,0.2615128905,BRL,CAD
3200,2023-09-01,0.07009345794,MXN,CAD
3201,2023-09-01,0.1744101983,HKD,CAD
3202,2023-09-01,1.008008357,SGD,CAD
3203,2023-09-01,0.1952097746,CNY,CAD
3204,2023-09-01,0.8571682359,NZD,CAD
3205,2023-09-01,0.01640607733,INR,CAD
3206,2023-09-01,0.3700030418,AED,CAD
3207,2023-09-01,3.613961501,BHD,CAD
3208,2023-09-01,0.3623442358,SAR,CAD
3209,2023-09-01,0.01855879394,RUB,CAD
3210,2023-09-01,0.3089318109,PLN,CAD
3211,2023-09-01,0.03925210836,THB,CAD
3212,2023-09-01,0.3072856961,MYR,CAD
3213,2023-09-01,0.04418913622,TWD,CAD
3214,2023-09-01,0.05983630276,CZK,CAD
3215,2023-09-01,0.2924656012,RON,CAD
3216,2023-09-01,0.001072079278,KRW,CAD
3217,2023-09-01,0.003717739365,LKR,CAD
3218,2023-09-01,0.00005749605114,VND,CAD
3219,2023-09-01,0.984,EUR,CHF
3220,2023-09-01,1.111249139,GBP,CHF
3221,2023-09-01,0.9240304254,USD,CHF
3222,2023-09-01,0.006917885264,JPY,CHF
3223,2023-09-01,0.132320312,DKK,CHF
3224,2023-09-01,0.6204678731,AUD,CHF
3225,2023-09-01,0.6797927461,CAD,CHF
3226,2023-09-01,1.0,CHF,CHF
3227,2023-09-01,0.08818784728,SEK,CHF
3228,2023-09-01,0.09327014218,NOK,CHF
3229,2023-09-01,0.05407573901,ZAR,CHF
3230,2023-09-01,0.177774566,BRL,CHF
3231,2023-09-01,0.04764902426,MXN,CHF
3232,2023-09-01,0.1185627877,HKD,CHF
3233,2023-09-01,0.6852367688,SGD,CHF
3234,2023-09-01,0.1327021888,CNY,CHF
3235,2023-09-01,0.582696749,NZD,CHF
3236,2023-09-01,0.01115273236,INR,CHF
3237,2023-09-01,0.2515253839,AED,CHF
3238,2023-09-01,2.456744813,BHD,CHF
3239,2023-09-01,0.2463189831,SAR,CHF
3240,2023-09-01,0.0126161335,RUB,CHF
3241,2023-09-01,0.2100096041,PLN,CHF
3242,2023-09-01,0.02668329853,THB,CHF
3243,2023-09-01,0.2088905872,MYR,CHF
3244,2023-09-01,0.03003945426,TWD,CHF
3245,2023-09-01,0.04067628457,CZK,CHF
3246,2023-09-01,0.1988159942,RON,CHF
3247,2023-09-01,0.0007287917167,KRW,CHF
3248,2023-09-01,0.002527292252,LKR,CHF
3249,2023-09-01,0.0000390853985,VND,CHF
3250,2023-09-01,11.158,EUR,SEK
3251,2023-09-01,12.60093282,GBP,SEK
3252,2023-09-01,10.47797915,USD,SEK
3253,2023-09-01,0.07844488189,JPY,SEK
3254,2023-09-01,1.500437034,DKK,SEK
3255,2023-09-01,7.03575257,AUD,SEK
3256,2023-09-01,7.708462867,CAD,SEK
3257,2023-09-01,11.33943089,CHF,SEK
3258,2023-09-01,1.0,SEK,SEK
3259,2023-09-01,1.057630332,NOK,SEK
3260,2023-09-01,0.6131881055,ZAR,SEK
3261,2023-09-01,2.015862405,BRL,SEK
3262,2023-09-01,0.5403128178,MXN,SEK
3263,2023-09-01,1.344434537,HKD,SEK
3264,2023-09-01,7.770194986,SGD,SEK
3265,2023-09-01,1.504767299,CNY,SEK
3266,2023-09-01,6.607449517,NZD,SEK
3267,2023-09-01,0.1264656379,INR,SEK
3268,2023-09-01,2.852154709,AED,SEK
3269,2023-09-01,27.85808803,BHD,SEK
3270,2023-09-01,2.793117087,SAR,SEK
3271,2023-09-01,0.1430597739,RUB,SEK
3272,2023-09-01,2.381389393,PLN,SEK
3273,2023-09-01,0.3025734197,THB,SEK
3274,2023-09-01,2.368700378,MYR,SEK
3275,2023-09-01,0.3406303157,TWD,SEK
3276,2023-09-01,0.4612459179,CZK,SEK
3277,2023-09-01,2.254460227,RON,SEK
3278,2023-09-01,0.008264083307,KRW,SEK
3279,2023-09-01,0.02865805584,LKR,SEK
3280,2023-09-01,0.0004432061752,VND,SEK
3281,2023-09-01,10.55,EUR,NOK
3282,2023-09-01,11.91430733,GBP,NOK
3283,2023-09-01,9.907033524,USD,NOK
3284,2023-09-01,0.0741704162,JPY,NOK
3285,2023-09-01,1.418678142,DKK,NOK
3286,2023-09-01,6.652374046,AUD,NOK
3287,2023-09-01,7.288428325,CAD,NOK
3288,2023-09-01,10.72154472,CHF,NOK
3289,2023-09-01,0.945509948,SEK,NOK
3290,2023-09-01,1.0,NOK,NOK
3291,2023-09-01,0.5797754538,ZAR,NOK
3292,2023-09-01,1.906017958,BRL,NOK
3293,2023-09-01,0.5108711443,MXN,NOK
3294,2023-09-01,1.27117623,HKD,NOK
3295,2023-09-01,7.346796657,SGD,NOK
3296,2023-09-01,1.422772451,CNY,NOK
3297,2023-09-01,6.24740925,NZD,NOK
3298,2023-09-01,0.1195745187,INR,NOK
3299,2023-09-01,2.69674065,AED,NOK
3300,2023-09-01,26.34009937,BHD,NOK
3301,2023-09-01,2.640919991,SAR,NOK
3302,2023-09-01,0.1352644394,RUB,NOK
3303,2023-09-01,2.251627361,PLN,NOK
3304,2023-09-01,0.2860861784,THB,NOK
3305,2023-09-01,2.239629771,MYR,NOK
3306,2023-09-01,0.3220693521,TWD,NOK
3307,2023-09-01,0.4361126039,CZK,NOK
3308,2023-09-01,2.131614572,RON,NOK
3309,2023-09-01,0.007813772978,KRW,NOK
3310,2023-09-01,0.02709647689,LKR,NOK
3311,2023-09-01,0.0004190558477,VND,NOK
3312,2023-09-01,18.1967,EUR,ZAR
3313,2023-09-01,20.54986505,GBP,ZAR
3314,2023-09-01,17.08770777,USD,ZAR
3315,2023-09-01,0.1279295557,JPY,ZAR
3316,2023-09-01,2.446944127,DKK,ZAR
3317,2023-09-01,11.47405259,AUD,ZAR
3318,2023-09-01,12.57112263,CAD,ZAR
3319,2023-09-01,18.4925813,CHF,ZAR
3320,2023-09-01,1.630820936,SEK,ZAR
3321,2023-09-01,1.724805687,NOK,ZAR
3322,2023-09-01,1.0,ZAR,ZAR
3323,2023-09-01,3.287510614,BRL,ZAR
3324,2023-09-01,0.881153455,MXN,ZAR
3325,2023-09-01,2.19253199,HKD,ZAR
3326,2023-09-01,12.67179666,SGD,ZAR
3327,2023-09-01,2.454006015,CNY,ZAR
3328,2023-09-01,10.775567,NZD,ZAR
3329,2023-09-01,0.2062428099,INR,ZAR
3330,2023-09-01,4.65135361,AED,ZAR
3331,2023-09-01,45.43155319,BHD,ZAR
3332,2023-09-01,4.555073821,SAR,ZAR
3333,2023-09-01,0.2333048744,RUB,ZAR
3334,2023-09-01,3.883619678,PLN,ZAR
3335,2023-09-01,0.4934430675,THB,ZAR
3336,2023-09-01,3.862926167,MYR,ZAR
3337,2023-09-01,0.5555070501,TWD,ZAR
3338,2023-09-01,0.7522094994,CZK,ZAR
3339,2023-09-01,3.676620936,RON,ZAR
3340,2023-09-01,0.01347724007,KRW,ZAR
3341,2023-09-01,0.04673615744,LKR,ZAR
3342,2023-09-01,0.0007227899094,VND,ZAR
3343,2023-09-01,5.5351,EUR,BRL
3344,2023-09-01,6.250889338,GBP,BRL
3345,2023-09-01,5.197765048,USD,BRL
3346,2023-09-01,0.03891380765,JPY,BRL
3347,2023-09-01,0.744315202,DKK,BRL
3348,2023-09-01,3.490194842,AUD,BRL
3349,2023-09-01,3.823903282,CAD,BRL
3350,2023-09-01,5.625101626,CHF,BRL
3351,2023-09-01,0.4960656032,SEK,BRL
3352,2023-09-01,0.5246540284,NOK,BRL
3353,2023-09-01,0.3041815274,ZAR,BRL
3354,2023-09-01,1.0,BRL,BRL
3355,2023-09-01,0.2680306038,MXN,BRL
3356,2023-09-01,0.6669277297,HKD,BRL
3357,2023-09-01,3.854526462,SGD,BRL
3358,2023-09-01,0.7464632979,CNY,BRL
3359,2023-09-01,3.27772843,NZD,BRL
3360,2023-09-01,0.06273525295,INR,BRL
3361,2023-09-01,1.414855846,AED,BRL
3362,2023-09-01,13.81943924,BHD,BRL
3363,2023-09-01,1.385569312,SAR,BRL
3364,2023-09-01,0.07096703304,RUB,BRL
3365,2023-09-01,1.181325365,PLN,BRL
3366,2023-09-01,0.150096266,THB,BRL
3367,2023-09-01,1.175030782,MYR,BRL
3368,2023-09-01,0.168974983,TWD,BRL
3369,2023-09-01,0.2288082345,CZK,BRL
3370,2023-09-01,1.118360172,RON,BRL
3371,2023-09-01,0.00409952747,KRW,BRL
3372,2023-09-01,0.01421627576,LKR,BRL
3373,2023-09-01,0.0002198593386,VND,BRL
3374,2023-09-01,20.651,EUR,MXN
3375,2023-09-01,23.32155078,GBP,MXN
3376,2023-09-01,19.39243121,USD,MXN
3377,2023-09-01,0.1451841957,JPY,MXN
3378,2023-09-01,2.776978417,DKK,MXN
3379,2023-09-01,13.0216281,AUD,MXN
3380,2023-09-01,14.26666667,CAD,MXN
3381,2023-09-01,20.98678862,CHF,MXN
3382,2023-09-01,1.85077971,SEK,MXN
3383,2023-09-01,1.957440758,NOK,MXN
3384,2023-09-01,1.134876104,ZAR,MXN
3385,2023-09-01,3.730917237,BRL,MXN
3386,2023-09-01,1.0,MXN,MXN
3387,2023-09-01,2.488252163,HKD,MXN
3388,2023-09-01,14.38091922,SGD,MXN
3389,2023-09-01,2.784992785,CNY,MXN
3390,2023-09-01,12.2289335,NZD,MXN
3391,2023-09-01,0.2340600366,INR,MXN
3392,2023-09-01,5.278710063,AED,MXN
3393,2023-09-01,51.55918408,BHD,MXN
3394,2023-09-01,5.169444431,SAR,MXN
3395,2023-09-01,0.2647721269,RUB,MXN
3396,2023-09-01,4.407427169,PLN,MXN
3397,2023-09-01,0.5599967459,THB,MXN
3398,2023-09-01,4.383942598,MYR,MXN
3399,2023-09-01,0.6304316767,TWD,MXN
3400,2023-09-01,0.853664586,CZK,MXN
3401,2023-09-01,4.172509244,RON,MXN
3402,2023-09-01,0.0152949977,KRW,MXN
3403,2023-09-01,0.05303974827,LKR,MXN
3404,2023-09-01,0.0008202769963,VND,MXN
3405,2023-09-01,8.2994,EUR,HKD
3406,2023-09-01,9.372663723,GBP,HKD
3407,2023-09-01,7.793595643,USD,HKD
3408,2023-09-01,0.05834786277,JPY,HKD
3409,2023-09-01,1.11603577,DKK,HKD
3410,2023-09-01,5.233242954,AUD,HKD
3411,2023-09-01,5.733609672,CAD,HKD
3412,2023-09-01,8.434349593,CHF,HKD
3413,2023-09-01,0.7438071339,SEK,HKD
3414,2023-09-01,0.7866729858,NOK,HKD
3415,2023-09-01,0.4560936873,ZAR,HKD
3416,2023-09-01,1.499412838,BRL,HKD
3417,2023-09-01,0.4018885284,MXN,HKD
3418,2023-09-01,1.0,HKD,HKD
3419,2023-09-01,5.779526462,SGD,HKD
3420,2023-09-01,1.119256652,CNY,HKD
3421,2023-09-01,4.914668088,NZD,HKD
3422,2023-09-01,0.09406604367,INR,HKD
3423,2023-09-01,2.121453019,AED,HKD
3424,2023-09-01,20.72104462,BHD,HKD
3425,2023-09-01,2.077540415,SAR,HKD
3426,2023-09-01,0.1064088804,RUB,HKD
3427,2023-09-01,1.771294419,PLN,HKD
3428,2023-09-01,0.2250562681,THB,HKD
3429,2023-09-01,1.761856239,MYR,HKD
3430,2023-09-01,0.2533632588,TWD,HKD
3431,2023-09-01,0.3430780042,CZK,HKD
3432,2023-09-01,1.6768836,RON,HKD
3433,2023-09-01,0.006146884119,KRW,HKD
3434,2023-09-01,0.02131606638,LKR,HKD
3435,2023-09-01,0.0003296599149,VND,HKD
3436,2023-09-01,1.436,EUR,SGD
3437,2023-09-01,1.621700979,GBP,SGD
3438,2023-09-01,1.348483426,USD,SGD
3439,2023-09-01,0.01009561305,JPY,SGD
3440,2023-09-01,0.1931015935,DKK,SGD
3441,2023-09-01,0.9054795384,AUD,SGD
3442,2023-09-01,0.9920552677,CAD,SGD
3443,2023-09-01,1.459349593,CHF,SGD
3444,2023-09-01,0.1286968991,SEK,SGD
3445,2023-09-01,0.1361137441,NOK,SGD
3446,2023-09-01,0.07891540774,ZAR,SGD
3447,2023-09-01,0.2594352406,BRL,SGD
3448,2023-09-01,0.06953658418,MXN,SGD
3449,2023-09-01,0.173024556,HKD,SGD
3450,2023-09-01,1.0,SGD,SGD
3451,2023-09-01,0.1936588852,CNY,SGD
3452,2023-09-01,0.8503582638,NZD,SGD
3453,2023-09-01,0.01627573544,INR,SGD
3454,2023-09-01,0.3670634667,AED,SGD
3455,2023-09-01,3.585249544,BHD,SGD
3456,2023-09-01,0.3594655078,SAR,SGD
3457,2023-09-01,0.01841134929,RUB,SGD
3458,2023-09-01,0.3064774304,PLN,SGD
3459,2023-09-01,0.03894026087,THB,SGD
3460,2023-09-01,0.3048443935,MYR,SGD
3461,2023-09-01,0.04383806536,TWD,SGD
3462,2023-09-01,0.05936091935,CZK,SGD
3463,2023-09-01,0.2901420403,RON,SGD
3464,2023-09-01,0.001063561895,KRW,SGD
3465,2023-09-01,0.003688202921,LKR,SGD
3466,2023-09-01,0.00005703926041,VND,SGD
3467,2023-09-01,7.4151,EUR,CNY
3468,2023-09-01,8.374007612,GBP,CNY
3469,2023-09-01,6.963189032,USD,CNY
3470,2023-09-01,0.05213090551,JPY,CNY
3471,2023-09-01,0.9971223022,DKK,CNY
3472,2023-09-01,4.675641592,AUD,CNY
3473,2023-09-01,5.122694301,CAD,CNY
3474,2023-09-01,7.535670732,CHF,CNY
3475,2023-09-01,0.6645545797,SEK,CNY
3476,2023-09-01,0.7028530806,NOK,CNY
3477,2023-09-01,0.4074969637,ZAR,CNY
3478,2023-09-01,1.339650593,BRL,CNY
3479,2023-09-01,0.3590673575,MXN,CNY
3480,2023-09-01,0.8934501289,HKD,CNY
3481,2023-09-01,5.163718663,SGD,CNY
3482,2023-09-01,1.0,CNY,CNY
3483,2023-09-01,4.391010837,NZD,CNY
3484,2023-09-01,0.08404331884,INR,CNY
3485,2023-09-01,1.895412474,AED,CNY
3486,2023-09-01,18.51321998,BHD,CNY
3487,2023-09-01,1.856178751,SAR,CNY
3488,2023-09-01,0.09507102793,RUB,CNY
3489,2023-09-01,1.582563227,PLN,CNY
3490,2023-09-01,0.2010765518,THB,CNY
3491,2023-09-01,1.574130684,MYR,CNY
3492,2023-09-01,0.2263674363,TWD,CNY
3493,2023-09-01,0.3065230871,CZK,CNY
3494,2023-09-01,1.498211868,RON,CNY
3495,2023-09-01,0.005491934409,KRW,CNY
3496,2023-09-01,0.01904484225,LKR,CNY
3497,2023-09-01,0.0002945346935,VND,CNY
3498,2023-09-01,1.6887,EUR,NZD
3499,2023-09-01,1.907079696,GBP,NZD
3500,2023-09-01,1.585782703,USD,NZD
3501,2023-09-01,0.01187218785,JPY,NZD
3502,2023-09-01,0.227082633,DKK,NZD
3503,2023-09-01,1.064821237,AUD,NZD
3504,2023-09-01,1.166632124,CAD,NZD
3505,2023-09-01,1.716158537,CHF,NZD
3506,2023-09-01,0.1513443269,SEK,NZD
3507,2023-09-01,0.1600663507,NOK,NZD
3508,2023-09-01,0.09280254112,ZAR,NZD
3509,2023-09-01,0.3050893389,BRL,NZD
3510,2023-09-01,0.08177327974,MXN,NZD
3511,2023-09-01,0.2034725402,HKD,NZD
3512,2023-09-01,1.17597493,SGD,NZD
3513,2023-09-01,0.2277379941,CNY,NZD
3514,2023-09-01,1.0,NZD,NZD
3515,2023-09-01,0.01913985685,INR,NZD
3516,2023-09-01,0.4316574347,AED,NZD
3517,2023-09-01,4.216163583,BHD,NZD
3518,2023-09-01,0.4227224255,SAR,NZD
3519,2023-09-01,0.0216512852,RUB,NZD
3520,2023-09-01,0.3604097748,PLN,NZD
3521,2023-09-01,0.04579277056,THB,NZD
3522,2023-09-01,0.3584893644,MYR,NZD
3523,2023-09-01,0.05155246586,TWD,NZD
3524,2023-09-01,0.069806953,CZK,NZD
3525,2023-09-01,0.3411997656,RON,NZD
3526,2023-09-01,0.001250722126,KRW,NZD
3527,2023-09-01,0.004337234173,LKR,NZD
3528,2023-09-01,0.00006707674029,VND,NZD
3529,2023-09-01,88.2295,EUR,INR
3530,2023-09-01,99.63918283,GBP,INR
3531,2023-09-01,82.85238051,USD,INR
3532,2023-09-01,0.6202861361,JPY,INR
3533,2023-09-01,11.86438513,DKK,INR
3534,2023-09-01,55.63370957,AUD,INR
3535,2023-09-01,60.95302245,CAD,INR
3536,2023-09-01,89.66412602,CHF,INR
3537,2023-09-01,7.907286252,SEK,INR
3538,2023-09-01,8.362985782,NOK,INR
3539,2023-09-01,4.848653877,ZAR,INR
3540,2023-09-01,15.94000108,BRL,INR
3541,2023-09-01,4.272408116,MXN,INR
3542,2023-09-01,10.63082873,HKD,INR
3543,2023-09-01,61.44115599,SGD,INR
3544,2023-09-01,11.89862578,CNY,INR
3545,2023-09-01,52.24699473,NZD,INR
3546,2023-09-01,1.0,INR,INR
3547,2023-09-01,22.55280372,AED,INR
3548,2023-09-01,220.2818765,BHD,INR
3549,2023-09-01,22.08597634,SAR,INR
3550,2023-09-01,1.131214584,RUB,INR
3551,2023-09-01,18.83032761,PLN,INR
3552,2023-09-01,2.392534642,THB,INR
3553,2023-09-01,18.72999193,MYR,INR
3554,2023-09-01,2.693461412,TWD,INR
3555,2023-09-01,3.647203505,CZK,INR
3556,2023-09-01,17.82666236,RON,INR
3557,2023-09-01,0.06534647232,KRW,INR
3558,2023-09-01,0.226607451,LKR,INR
3559,2023-09-01,0.003504558096,VND,INR
3560,2023-09-01,3.91213,EUR,AED
3561,2023-09-01,4.418039729,GBP,AED
3562,2023-09-01,3.673706451,USD,AED
3563,2023-09-01,0.0275037261,JPY,AED
3564,2023-09-01,0.5260714046,DKK,AED
3565,2023-09-01,2.466820102,AUD,AED
3566,2023-09-01,2.702680484,CAD,AED
3567,2023-09-01,3.97574187,CHF,AED
3568,2023-09-01,0.3506121169,SEK,AED
3569,2023-09-01,0.3708180095,NOK,AED
3570,2023-09-01,0.2149911797,ZAR,AED
3571,2023-09-01,0.7067857853,BRL,AED
3572,2023-09-01,0.1894402208,MXN,AED
3573,2023-09-01,0.4713750392,HKD,AED
3574,2023-09-01,2.724324513,SGD,AED
3575,2023-09-01,0.5275896482,CNY,AED
3576,2023-09-01,2.316651862,NZD,AED
3577,2023-09-01,0.04434038502,INR,AED
3578,2023-09-01,1.0,AED,AED
3579,2023-09-01,9.767383217,BHD,AED
3580,2023-09-01,0.9793006944,SAR,AED
3581,2023-09-01,0.05015849018,RUB,AED
3582,2023-09-01,0.8349439761,PLN,AED
3583,2023-09-01,0.1060859072,THB,AED
3584,2023-09-01,0.8304950537,MYR,AED
3585,2023-09-01,0.119429116,TWD,AED
3586,2023-09-01,0.1617184077,CZK,AED
3587,2023-09-01,0.7904410725,RON,AED
3588,2023-09-01,0.002897487742,KRW,AED
3589,2023-09-01,0.01004786162,LKR,AED
3590,2023-09-01,0.0001553934553,VND,AED
3591,2023-09-01,0.40053,EUR,BHD
3592,2023-09-01,0.4523258309,GBP,BHD
3593,2023-09-01,0.3761198235,USD,BHD
3594,2023-09-01,0.002815874578,JPY,BHD
3595,2023-09-01,0.05386001479,DKK,BHD
3596,2023-09-01,0.2525569077,AUD,BHD
3597,2023-09-01,0.2767046632,CAD,BHD
3598,2023-09-01,0.4070426829,CHF,BHD
3599,2023-09-01,0.03589621796,SEK,BHD
3600,2023-09-01,0.03796492891,NOK,BHD
3601,2023-09-01,0.02201113389,ZAR,BHD
3602,2023-09-01,0.07236183628,BRL,BHD
3603,2023-09-01,0.01939518667,MXN,BHD
3604,2023-09-01,0.04826011519,HKD,BHD
3605,2023-09-01,0.2789206128,SGD,BHD
3606,2023-09-01,0.05401545495,CNY,BHD
3607,2023-09-01,0.237182448,NZD,BHD
3608,2023-09-01,0.004539638103,INR,BHD
3609,2023-09-01,0.1023815671,AED,BHD
3610,2023-09-01,1.0,BHD,BHD
3611,2023-09-01,0.1002623397,SAR,BHD
3612,2023-09-01,0.005135304826,RUB,BHD
3613,2023-09-01,0.08548287269,PLN,BHD
3614,2023-09-01,0.01086124142,THB,BHD
3615,2023-09-01,0.08502738505,MYR,BHD
3616,2023-09-01,0.01222734006,TWD,BHD
3617,2023-09-01,0.016556984,CZK,BHD
3618,2023-09-01,0.08092659568,RON,BHD
3619,2023-09-01,0.0002966493356,KRW,BHD
3620,2023-09-01,0.001028715819,LKR,BHD
3621,2023-09-01,0.00001590942547,VND,BHD
3622,2023-09-01,3.99482,EUR,SAR
3623,2023-09-01,4.511423054,GBP,SAR
3624,2023-09-01,3.751356935,USD,SAR
3625,2023-09-01,0.02808506749,JPY,SAR
3626,2023-09-01,0.5371908828,DKK,SAR
3627,2023-09-01,2.518960842,AUD,SAR
3628,2023-09-01,2.759806563,CAD,SAR
3629,2023-09-01,4.059776423,CHF,SAR
3630,2023-09-01,0.3580229432,SEK,SAR
3631,2023-09-01,0.3786559242,NOK,SAR
3632,2023-09-01,0.2195354103,ZAR,SAR
3633,2023-09-01,0.7217249914,BRL,SAR
3634,2023-09-01,0.1934443853,MXN,SAR
3635,2023-09-01,0.48133841,HKD,SAR
3636,2023-09-01,2.781908078,SGD,SAR
3637,2023-09-01,0.5387412172,CNY,SAR
3638,2023-09-01,2.365618523,NZD,SAR
3639,2023-09-01,0.0452775999,INR,SAR
3640,2023-09-01,1.021136823,AED,SAR
3641,2023-09-01,9.973834669,BHD,SAR
3642,2023-09-01,1.0,SAR,SAR
3643,2023-09-01,0.05121868131,RUB,SAR
3644,2023-09-01,0.8525920393,PLN,SAR
3645,2023-09-01,0.1083282263,THB,SAR
3646,2023-09-01,0.8480490808,MYR,SAR
3647,2023-09-01,0.1219534682,TWD,SAR
3648,2023-09-01,0.1651366211,CZK,SAR
3649,2023-09-01,0.8071484856,RON,SAR
3650,2023-09-01,0.002958731428,KRW,SAR
3651,2023-09-01,0.0102602415,LKR,SAR
3652,2023-09-01,0.0001586779793,VND,SAR
3653,2023-09-01,77.99537,EUR,RUB
3654,2023-09-01,88.08159324,GBP,RUB
3655,2023-09-01,73.24196638,USD,RUB
3656,2023-09-01,0.5483364033,JPY,RUB
3657,2023-09-01,10.48818261,DKK,RUB
3658,2023-09-01,49.18050949,AUD,RUB
3659,2023-09-01,53.88281174,CAD,RUB
3660,2023-09-01,79.2635874,CHF,RUB
3661,2023-09-01,6.990085141,SEK,RUB
3662,2023-09-01,7.392926066,NOK,RUB
3663,2023-09-01,4.286237065,ZAR,RUB
3664,2023-09-01,14.09104985,BRL,RUB
3665,2023-09-01,3.776832599,MXN,RUB
3666,2023-09-01,9.397711883,HKD,RUB
3667,2023-09-01,54.31432451,SGD,RUB
3668,2023-09-01,10.51845154,CNY,RUB
3669,2023-09-01,46.18663469,NZD,RUB
3670,2023-09-01,0.8840055764,INR,RUB
3671,2023-09-01,19.93680425,AED,RUB
3672,2023-09-01,194.7304072,BHD,RUB
3673,2023-09-01,19.52412624,SAR,RUB
3674,2023-09-01,1.0,RUB,RUB
3675,2023-09-01,16.64611461,PLN,RUB
3676,2023-09-01,2.115013965,THB,RUB
3677,2023-09-01,16.55741731,MYR,RUB
3678,2023-09-01,2.381034908,TWD,RUB
3679,2023-09-01,3.224148237,CZK,RUB
3680,2023-09-01,15.75886893,RON,RUB
3681,2023-09-01,0.05776664593,KRW,RUB
3682,2023-09-01,0.2003222503,LKR,RUB
3683,2023-09-01,0.0030980489,VND,RUB
3684,2023-09-01,4.6855,EUR,PLN
3685,2023-09-01,5.291420569,GBP,PLN
3686,2023-09-01,4.399943657,USD,PLN
3687,2023-09-01,0.03294080427,JPY,PLN
3688,2023-09-01,0.6300679083,DKK,PLN
3689,2023-09-01,2.9544738,AUD,PLN
3690,2023-09-01,3.236960276,CAD,PLN
3691,2023-09-01,4.761686992,CHF,PLN
3692,2023-09-01,0.4199229253,SEK,PLN
3693,2023-09-01,0.4441232227,NOK,PLN
3694,2023-09-01,0.257491743,ZAR,PLN
3695,2023-09-01,0.8465068382,BRL,PLN
3696,2023-09-01,0.226889739,MXN,PLN
3697,2023-09-01,0.5645588838,HKD,PLN
3698,2023-09-01,3.262883008,SGD,PLN
3699,2023-09-01,0.6318862861,CNY,PLN
3700,2023-09-01,2.77461953,NZD,PLN
3701,2023-09-01,0.05310582062,INR,PLN
3702,2023-09-01,1.197685148,AED,PLN
3703,2023-09-01,11.69824982,BHD,PLN
3704,2023-09-01,1.172893898,SAR,PLN
3705,2023-09-01,0.06007407876,RUB,PLN
3706,2023-09-01,1.0,PLN,PLN
3707,2023-09-01,0.1270575155,THB,PLN
3708,2023-09-01,0.9946715917,MYR,PLN
3709,2023-09-01,0.1430384786,TWD,PLN
3710,2023-09-01,0.1936877351,CZK,PLN
3711,2023-09-01,0.9466995333,RON,PLN
3712,2023-09-01,0.003470278037,KRW,PLN
3713,2023-09-01,0.01203417464,LKR,PLN
3714,2023-09-01,0.0001861124336,VND,PLN
3715,2023-09-01,36.877,EUR,THB
3716,2023-09-01,41.64586839,GBP,THB
3717,2023-09-01,34.62954268,USD,THB
3718,2023-09-01,0.2592589989,JPY,THB
3719,2023-09-01,4.958918846,DKK,THB
3720,2023-09-01,23.25304244,AUD,THB
3721,2023-09-01,25.47633851,CAD,THB
3722,2023-09-01,37.47662602,CHF,THB
3723,2023-09-01,3.304982972,SEK,THB
3724,2023-09-01,3.495450237,NOK,THB
3725,2023-09-01,2.026576247,ZAR,THB
3726,2023-09-01,6.662390923,BRL,THB
3727,2023-09-01,1.785724662,MXN,THB
3728,2023-09-01,4.443333253,HKD,THB
3729,2023-09-01,25.68036212,SGD,THB
3730,2023-09-01,4.9732303,CNY,THB
3731,2023-09-01,21.83750814,NZD,THB
3732,2023-09-01,0.4179667798,INR,THB
3733,2023-09-01,9.426322745,AED,THB
3734,2023-09-01,92.07050658,BHD,THB
3735,2023-09-01,9.23120441,SAR,THB
3736,2023-09-01,0.4728101168,RUB,THB
3737,2023-09-01,7.870451393,PLN,THB
3738,2023-09-01,1.0,THB,THB
3739,2023-09-01,7.828514414,MYR,THB
3740,2023-09-01,1.125777393,TWD,THB
3741,2023-09-01,1.524409905,CZK,THB
3742,2023-09-01,7.45095266,RON,THB
3743,2023-09-01,0.02731265461,KRW,THB
3744,2023-09-01,0.09471438657,LKR,THB
3745,2023-09-01,0.001464788862,VND,THB
3746,2023-09-01,4.7106,EUR,MYR
3747,2023-09-01,5.319766457,GBP,MYR
3748,2023-09-01,4.423513945,USD,MYR
3749,2023-09-01,0.03311726659,JPY,MYR
3750,2023-09-01,0.633443152,DKK,MYR
3751,2023-09-01,2.970300776,AUD,MYR
3752,2023-09-01,3.254300518,CAD,MYR
3753,2023-09-01,4.787195122,CHF,MYR
3754,2023-09-01,0.4221724323,SEK,MYR
3755,2023-09-01,0.4465023697,NOK,MYR
3756,2023-09-01,0.258871114,ZAR,MYR
3757,2023-09-01,0.8510415349,BRL,MYR
3758,2023-09-01,0.2281051765,MXN,MYR
3759,2023-09-01,0.5675831988,HKD,MYR
3760,2023-09-01,3.280362117,SGD,MYR
3761,2023-09-01,0.6352712708,CNY,MYR
3762,2023-09-01,2.789483034,NZD,MYR
3763,2023-09-01,0.05339030596,INR,MYR
3764,2023-09-01,1.204101091,AED,MYR
3765,2023-09-01,11.76091679,BHD,MYR
3766,2023-09-01,1.179177034,SAR,MYR
3767,2023-09-01,0.06039589273,RUB,MYR
3768,2023-09-01,1.005356952,PLN,MYR
3769,2023-09-01,0.1277381566,THB,MYR
3770,2023-09-01,1.0,MYR,MYR
3771,2023-09-01,0.1438047289,TWD,MYR
3772,2023-09-01,0.1947253111,CZK,MYR
3773,2023-09-01,0.9517709575,RON,MYR
3774,2023-09-01,0.003488868151,KRW,MYR
3775,2023-09-01,0.01209864114,LKR,MYR
3776,2023-09-01,0.000187109429,VND,MYR
3777,2023-09-01,32.75692,EUR,TWD
3778,2023-09-01,36.99298693,GBP,TWD
3779,2023-09-01,30.76055968,USD,TWD
3780,2023-09-01,0.2302933071,JPY,TWD
3781,2023-09-01,4.404884018,DKK,TWD
3782,2023-09-01,20.65509805,AUD,TWD
3783,2023-09-01,22.62999655,CAD,TWD
3784,2023-09-01,33.28955285,CHF,TWD
3785,2023-09-01,2.935734003,SEK,TWD
3786,2023-09-01,3.104921327,NOK,TWD
3787,2023-09-01,1.800157171,ZAR,TWD
3788,2023-09-01,5.918035808,BRL,TWD
3789,2023-09-01,1.586214711,MXN,TWD
3790,2023-09-01,3.946902186,HKD,TWD
3791,2023-09-01,22.81122563,SGD,TWD
3792,2023-09-01,4.417596526,CNY,TWD
3793,2023-09-01,19.39771422,NZD,TWD
3794,2023-09-01,0.3712694734,INR,TWD
3795,2023-09-01,8.373167558,AED,TWD
3796,2023-09-01,81.78393628,BHD,TWD
3797,2023-09-01,8.199848804,SAR,TWD
3798,2023-09-01,0.4199854427,RUB,TWD
3799,2023-09-01,6.991125814,PLN,TWD
3800,2023-09-01,0.8882750766,THB,TWD
3801,2023-09-01,6.953874241,MYR,TWD
3802,2023-09-01,1.0,TWD,TWD
3803,2023-09-01,1.354095325,CZK,TWD
3804,2023-09-01,6.618495545,RON,TWD
3805,2023-09-01,0.02426115037,KRW,TWD
3806,2023-09-01,0.08413242898,LKR,TWD
3807,2023-09-01,0.001301135439,VND,TWD
3808,2023-09-01,24.191,EUR,CZK
3809,2023-09-01,27.31933732,GBP,CZK
3810,2023-09-01,22.71668701,USD,CZK
3811,2023-09-01,0.1700717098,JPY,CZK
3812,2023-09-01,3.253008808,DKK,CZK
3813,2023-09-01,15.2537991,AUD,CZK
3814,2023-09-01,16.71226252,CAD,CZK
3815,2023-09-01,24.58434959,CHF,CZK
3816,2023-09-01,2.168040868,SEK,CZK
3817,2023-09-01,2.292985782,NOK,CZK
3818,2023-09-01,1.329416872,ZAR,CZK
3819,2023-09-01,4.370472078,BRL,CZK
3820,2023-09-01,1.17142027,MXN,CZK
3821,2023-09-01,2.914789021,HKD,CZK
3822,2023-09-01,16.84610028,SGD,CZK
3823,2023-09-01,3.262397001,CNY,CZK
3824,2023-09-01,14.32522058,NZD,CZK
3825,2023-09-01,0.2741826713,INR,CZK
3826,2023-09-01,6.183587969,AED,CZK
3827,2023-09-01,60.39747335,BHD,CZK
3828,2023-09-01,6.055591992,SAR,CZK
3829,2023-09-01,0.3101594364,RUB,CZK
3830,2023-09-01,5.162949525,PLN,CZK
3831,2023-09-01,0.6559915394,THB,CZK
3832,2023-09-01,5.135439222,MYR,CZK
3833,2023-09-01,0.7385004451,TWD,CZK
3834,2023-09-01,1.0,CZK,CZK
3835,2023-09-01,4.887761906,RON,CZK
3836,2023-09-01,0.01791687034,KRW,CZK
3837,2023-09-01,0.06213183625,LKR,CZK
3838,2023-09-01,0.0009608891007,VND,CZK
3839,2023-09-01,4.9493,EUR,RON
3840,2023-09-01,5.589334719,GBP,RON
3841,2023-09-01,4.647666448,USD,RON
3842,2023-09-01,0.0347954162,JPY,RON
3843,2023-09-01,0.6655415854,DKK,RON
3844,2023-09-01,3.120814679,AUD,RON
3845,2023-09-01,3.419205527,CAD,RON
3846,2023-09-01,5.029776423,CHF,RON
3847,2023-09-01,0.443565155,SEK,RON
3848,2023-09-01,0.4691279621,NOK,RON
3849,2023-09-01,0.2719888771,ZAR,RON
3850,2023-09-01,0.8941663204,BRL,RON
3851,2023-09-01,0.2396639388,MXN,RON
3852,2023-09-01,0.596344314,HKD,RON
3853,2023-09-01,3.446587744,SGD,RON
3854,2023-09-01,0.6674623404,CNY,RON
3855,2023-09-01,2.93083437,NZD,RON
3856,2023-09-01,0.05609575029,INR,RON
3857,2023-09-01,1.265116446,AED,RON
3858,2023-09-01,12.35687714,BHD,RON
3859,2023-09-01,1.238929414,SAR,RON
3860,2023-09-01,0.06345633081,RUB,RON
3861,2023-09-01,1.056301355,PLN,RON
3862,2023-09-01,0.1342110258,THB,RON
3863,2023-09-01,1.05067295,MYR,RON
3864,2023-09-01,0.1510917388,TWD,RON
3865,2023-09-01,0.1510917388,CZK,RON
3866,2023-09-01,1.0,RON,RON
3867,2023-09-01,0.003665659394,KRW,RON
3868,2023-09-01,0.01271171498,LKR,RON
3869,2023-09-01,0.0001965908158,VND,RON
3870,2023-09-01,1350.18,EUR,KRW
3871,2023-09-01,1524.782889,GBP,KRW
3872,2023-09-01,1267.893699,USD,KRW
3873,2023-09-01,9.492266592,JPY,KRW
3874,2023-09-01,181.5612183,DKK,KRW
3875,2023-09-01,851.3651554,AUD,KRW
3876,2023-09-01,932.7668394,CAD,KRW
3877,2023-09-01,1372.134146,CHF,KRW
3878,2023-09-01,121.0055566,SEK,KRW
3879,2023-09-01,127.9791469,NOK,KRW
3880,2023-09-01,74.19916798,ZAR,KRW
3881,2023-09-01,243.9305523,BRL,KRW
3882,2023-09-01,65.38085323,MXN,KRW
3883,2023-09-01,162.6840494,HKD,KRW
3884,2023-09-01,940.2367688,SGD,KRW
3885,2023-09-01,182.0852045,CNY,KRW
3886,2023-09-01,799.5381062,NZD,KRW
3887,2023-09-01,15.3030449,INR,KRW
3888,2023-09-01,345.1265679,AED,KRW
3889,2023-09-01,3370.983447,BHD,KRW
3890,2023-09-01,337.9826876,SAR,KRW
3891,2023-09-01,17.31102756,RUB,KRW
3892,2023-09-01,288.1613488,PLN,KRW
3893,2023-09-01,36.61306505,THB,KRW
3894,2023-09-01,286.6259075,MYR,KRW
3895,2023-09-01,41.21816093,TWD,KRW
3896,2023-09-01,41.21816093,CZK,KRW
3897,2023-09-01,272.8022145,RON,KRW
3898,2023-09-01,1.0,KRW,KRW
3899,2023-09-01,3.467783997,LKR,KRW
3900,2023-09-01,0.0536304099,VND,KRW
3901,2023-09-01,389.34951,EUR,LKR
3902,2023-09-01,439.6994997,GBP,LKR
3903,2023-09-01,365.620725,USD,LKR
3904,2023-09-01,2.737271583,JPY,LKR
3905,2023-09-01,52.35655349,DKK,LKR
3906,2023-09-01,245.506974,AUD,LKR
3907,2023-09-01,268.9806632,CAD,LKR
3908,2023-09-01,395.6803963,CHF,LKR
3909,2023-09-01,34.89420237,SEK,LKR
3910,2023-09-01,36.90516682,NOK,LKR
3911,2023-09-01,21.39670984,ZAR,LKR
3912,2023-09-01,70.34191072,BRL,LKR
3913,2023-09-01,18.8537848,MXN,LKR
3914,2023-09-01,46.91297082,HKD,LKR
3915,2023-09-01,271.1347563,SGD,LKR
3916,2023-09-01,52.50765465,CNY,LKR
3917,2023-09-01,230.5616806,NZD,LKR
3918,2023-09-01,4.412917562,INR,LKR
3919,2023-09-01,99.52366358,AED,LKR
3920,2023-09-01,972.0857614,BHD,LKR
3921,2023-09-01,97.46359285,SAR,LKR
3922,2023-09-01,4.991956702,RUB,LKR
3923,2023-09-01,83.09668338,PLN,LKR
3924,2023-09-01,10.55805814,THB,LKR
3925,2023-09-01,82.65391033,MYR,LKR
3926,2023-09-01,11.88602317,TWD,LKR
3927,2023-09-01,11.88602317,CZK,LKR
3928,2023-09-01,78.66759138,RON,LKR
3929,2023-09-01,0.2883685953,KRW,LKR
3930,2023-09-01,1.0,LKR,LKR
3931,2023-09-01,0.01546532597,VND,LKR
3932,2023-09-01,25175.642,EUR,VND
3933,2023-09-01,28431.31148,GBP,VND
3934,2023-09-01,23641.32031,USD,VND
3935,2023-09-01,176.9941085,JPY,VND
3936,2023-09-01,3385.415451,DKK,VND
3937,2023-09-01,15874.6718,AUD,VND
3938,2023-09-01,17392.49879,CAD,VND
3939,2023-09-01,25585.00203,CHF,VND
3940,2023-09-01,2256.286252,SEK,VND
3941,2023-09-01,2386.316777,NOK,VND
3942,2023-09-01,1383.527892,ZAR,VND
3943,2023-09-01,4548.362631,BRL,VND
3944,2023-09-01,1219.100383,MXN,VND
3945,2023-09-01,3033.429164,HKD,VND
3946,2023-09-01,17531.78412,SGD,VND
3947,2023-09-01,3395.18577,CNY,VND
3948,2023-09-01,14908.29751,NZD,VND
3949,2023-09-01,285.3426802,INR,VND
3950,2023-09-01,6435.277458,AED,VND
3951,2023-09-01,62855.82104,BHD,VND
3952,2023-09-01,6302.071683,SAR,VND
3953,2023-09-01,322.7838011,RUB,VND
3954,2023-09-01,5373.096148,PLN,VND
3955,2023-09-01,682.6922472,THB,VND
3956,2023-09-01,5344.466098,MYR,VND
3957,2023-09-01,768.5594983,TWD,VND
3958,2023-09-01,768.5594983,CZK,VND
3959,2023-09-01,5086.707615,RON,VND
3960,2023-09-01,18.64613755,KRW,VND
3961,2023-09-01,64.66077741,LKR,VND
3962,2023-09-01,1.0,VND,VND
4002,2023-08-01,1.0,EUR,EUR
4003,2023-08-01,1.129318231,GBP,EUR
4004,2023-08-01,0.9390553104,USD,EUR
4005,2023-08-01,0.007030371204,JPY,EUR
4006,2023-08-01,0.1344718618,DKK,EUR
4007,2023-08-01,0.6305567816,AUD,EUR
4008,2023-08-01,0.6908462867,CAD,EUR
4009,2023-08-01,1.016260163,CHF,EUR
4010,2023-08-01,0.08962179602,SEK,EUR
4011,2023-08-01,0.09478672986,NOK,EUR
4012,2023-08-01,0.05495501932,ZAR,EUR
4013,2023-08-01,0.1806652093,BRL,EUR
4014,2023-08-01,0.04842380514,MXN,EUR
4015,2023-08-01,0.1204906379,HKD,EUR
4016,2023-08-01,0.6963788301,SGD,EUR
4017,2023-08-01,0.1348599479,CNY,EUR
4018,2023-08-01,0.5921714929,NZD,EUR
4019,2023-08-01,0.0113340776,INR,EUR
4020,2023-08-01,0.2556152275,AED,EUR
4021,2023-08-01,2.496691883,BHD,EUR
4022,2023-08-01,0.2503241698,SAR,EUR
4023,2023-08-01,0.01282127388,RUB,EUR
4024,2023-08-01,0.2134243944,PLN,EUR
4025,2023-08-01,0.02711717331,THB,EUR
4026,2023-08-01,0.2122871821,MYR,EUR
4027,2023-08-01,0.03052790067,TWD,EUR
4028,2023-08-01,0.04133768757,CZK,EUR
4029,2023-08-01,0.2020487746,RON,EUR
4030,2023-08-01,0.0007406419885,KRW,EUR
4031,2023-08-01,0.002568386435,LKR,EUR
4032,2023-08-01,0.00003972093343,VND,EUR
4033,2023-08-01,0.88549,EUR,GBP
4034,2023-08-01,1.0,GBP,GBP
4035,2023-08-01,0.8315240868,USD,GBP
4036,2023-08-01,0.006225323397,JPY,GBP
4037,2023-08-01,0.1190734889,DKK,GBP
4038,2023-08-01,0.5583517246,AUD,GBP
4039,2023-08-01,0.6117374784,CAD,GBP
4040,2023-08-01,0.8998882114,CHF,GBP
4041,2023-08-01,0.07935920416,SEK,GBP
4042,2023-08-01,0.08393270142,NOK,GBP
4043,2023-08-01,0.04866212005,ZAR,GBP
4044,2023-08-01,0.1599772362,BRL,GBP
4045,2023-08-01,0.04287879522,MXN,GBP
4046,2023-08-01,0.1066932549,HKD,GBP
4047,2023-08-01,0.6166364903,SGD,GBP
4048,2023-08-01,0.1194171353,CNY,GBP
4049,2023-08-01,0.5243619352,NZD,GBP
4050,2023-08-01,0.01003621238,INR,GBP
4051,2023-08-01,0.2263447278,AED,GBP
4052,2023-08-01,2.210795696,BHD,GBP
4053,2023-08-01,0.2216595491,SAR,GBP
4054,2023-08-01,0.01135310981,RUB,GBP
4055,2023-08-01,0.188985167,PLN,GBP
4056,2023-08-01,0.02401198579,THB,GBP
4057,2023-08-01,0.1879781769,MYR,GBP
4058,2023-08-01,0.02703215076,TWD,GBP
4059,2023-08-01,0.03660410897,CZK,GBP
4060,2023-08-01,0.1789121694,RON,GBP
4061,2023-08-01,0.0006558310744,KRW,GBP
4062,2023-08-01,0.002274280504,LKR,GBP
4063,2023-08-01,0.00003517248935,VND,GBP
4064,2023-08-01,1.0649,EUR,USD
4065,2023-08-01,1.202610984,GBP,USD
4066,2023-08-01,1.0,USD,USD
4067,2023-08-01,0.007486642295,JPY,USD
4068,2023-08-01,0.1431990856,DKK,USD
4069,2023-08-01,0.6714799168,AUD,USD
4070,2023-08-01,0.7356822107,CAD,USD
4071,2023-08-01,1.082215447,CHF,USD
4072,2023-08-01,0.09543825058,SEK,USD
4073,2023-08-01,0.1009383886,NOK,USD
4074,2023-08-01,0.05852160007,ZAR,USD
4075,2023-08-01,0.1923903814,BRL,USD
4076,2023-08-01,0.0515665101,MXN,USD
4077,2023-08-01,0.1283104803,HKD,USD
4078,2023-08-01,0.7415738162,SGD,USD
4079,2023-08-01,0.1436123586,CNY,USD
4080,2023-08-01,0.6306034228,NZD,USD
4081,2023-08-01,0.01206965924,INR,USD
4082,2023-08-01,0.2722046558,AED,USD
4083,2023-08-01,2.658727186,BHD,USD
4084,2023-08-01,0.2665702084,SAR,USD
4085,2023-08-01,0.01365337455,RUB,USD
4086,2023-08-01,0.2272756376,PLN,USD
4087,2023-08-01,0.02887707785,THB,USD
4088,2023-08-01,0.2260646202,MYR,USD
4089,2023-08-01,0.03250916142,TWD,USD
4090,2023-08-01,0.04402050349,CZK,USD
4091,2023-08-01,0.21516174,RON,USD
4092,2023-08-01,0.0007887096535,KRW,USD
4093,2023-08-01,0.002735074715,LKR,USD
4094,2023-08-01,0.00004229882201,VND,USD
4095,2023-08-01,142.24,EUR,JPY
4096,2023-08-01,160.6342251,GBP,JPY
4097,2023-08-01,133.5712273,USD,JPY
4098,2023-08-01,1.0,JPY,JPY
4099,2023-08-01,19.12727762,DKK,JPY
4100,2023-08-01,89.69039662,AUD,JPY
4101,2023-08-01,98.26597582,CAD,JPY
4102,2023-08-01,144.5528455,CHF,JPY
4103,2023-08-01,12.74780427,SEK,JPY
4104,2023-08-01,13.48246445,NOK,JPY
4105,2023-08-01,7.816801948,ZAR,JPY
4106,2023-08-01,25.69781937,BRL,JPY
4107,2023-08-01,6.887802043,MXN,JPY
4108,2023-08-01,17.13858833,HKD,JPY
4109,2023-08-01,99.05292479,SGD,JPY
4110,2023-08-01,19.182479,CNY,JPY
4111,2023-08-01,84.23047315,NZD,JPY
4112,2023-08-01,1.612159198,INR,JPY
4113,2023-08-01,36.35870996,AED,JPY
4114,2023-08-01,355.1294535,BHD,JPY
4115,2023-08-01,35.60610991,SAR,JPY
4116,2023-08-01,1.823697996,RUB,JPY
4117,2023-08-01,30.35748586,PLN,JPY
4118,2023-08-01,3.857146731,THB,JPY
4119,2023-08-01,30.19572878,MYR,JPY
4120,2023-08-01,4.342288591,TWD,JPY
4121,2023-08-01,5.87987268,CZK,JPY
4122,2023-08-01,28.7394177,RON,JPY
4123,2023-08-01,0.1053489164,KRW,JPY
4124,2023-08-01,0.3653272865,LKR,JPY
4125,2023-08-01,0.005649905571,VND,JPY
4126,2023-08-01,7.4365,EUR,DKK
4127,2023-08-01,8.398175022,GBP,DKK
4128,2023-08-01,6.983284815,USD,DKK
4129,2023-08-01,0.05228135546,JPY,DKK
4130,2023-08-01,1.0,DKK,DKK
4131,2023-08-01,4.689135507,AUD,DKK
4132,2023-08-01,5.137478411,CAD,DKK
4133,2023-08-01,7.557418699,CHF,DKK
4134,2023-08-01,0.6664724861,SEK,DKK
4135,2023-08-01,0.7048815166,NOK,DKK
4136,2023-08-01,0.4086730011,ZAR,DKK
4137,2023-08-01,1.343516829,BRL,DKK
4138,2023-08-01,0.3601036269,MXN,DKK
4139,2023-08-01,0.8960286286,HKD,DKK
4140,2023-08-01,5.17862117,SGD,DKK
4141,2023-08-01,1.002886003,CNY,DKK
4142,2023-08-01,4.403683307,NZD,DKK
4143,2023-08-01,0.08428586811,INR,DKK
4144,2023-08-01,1.900882639,AED,DKK
4145,2023-08-01,18.56664919,BHD,DKK
4146,2023-08-01,1.861535689,SAR,DKK
4147,2023-08-01,0.0953454032,RUB,DKK
4148,2023-08-01,1.587130509,PLN,DKK
4149,2023-08-01,0.2016568593,THB,DKK
4150,2023-08-01,1.57867363,MYR,DKK
4151,2023-08-01,0.2270207333,TWD,DKK
4152,2023-08-01,0.3074077136,CZK,DKK
4153,2023-08-01,1.502535712,RON,DKK
4154,2023-08-01,0.005507784147,KRW,DKK
4155,2023-08-01,0.01909980572,LKR,DKK
4156,2023-08-01,0.0002953847215,VND,DKK
4157,2023-08-01,1.5859,EUR,AUD
4158,2023-08-01,1.790985782,GBP,AUD
4159,2023-08-01,1.489247817,USD,AUD
4160,2023-08-01,0.01114946569,JPY,AUD
4161,2023-08-01,0.2132589256,DKK,AUD
4162,2023-08-01,1.0,AUD,AUD
4163,2023-08-01,1.095613126,CAD,AUD
4164,2023-08-01,1.611686992,CHF,AUD
4165,2023-08-01,0.1421312063,SEK,AUD
4166,2023-08-01,0.1503222749,NOK,AUD
4167,2023-08-01,0.08715316513,ZAR,AUD
4168,2023-08-01,0.2865169554,BRL,AUD
4169,2023-08-01,0.07679531258,MXN,AUD
4170,2023-08-01,0.1910861026,HKD,AUD
4171,2023-08-01,1.104387187,SGD,AUD
4172,2023-08-01,0.2138743914,CNY,AUD
4173,2023-08-01,0.9391247705,NZD,AUD
4174,2023-08-01,0.01797471367,INR,AUD
4175,2023-08-01,0.4053801893,AED,AUD
4176,2023-08-01,3.959503658,BHD,AUD
4177,2023-08-01,0.3969891009,SAR,AUD
4178,2023-08-01,0.02033325824,RUB,AUD
4179,2023-08-01,0.3384697471,PLN,AUD
4180,2023-08-01,0.04300512515,THB,AUD
4181,2023-08-01,0.3366662421,MYR,AUD
4182,2023-08-01,0.04841419767,TWD,AUD
4183,2023-08-01,0.06555743872,CZK,AUD
4184,2023-08-01,0.3204291516,RON,AUD
4185,2023-08-01,0.00117458413,KRW,AUD
4186,2023-08-01,0.004073204047,LKR,AUD
4187,2023-08-01,0.00006299342833,VND,AUD
4188,2023-08-01,1.4475,EUR,CAD
4189,2023-08-01,1.634688139,GBP,CAD
4190,2023-08-01,1.359282562,USD,CAD
4191,2023-08-01,0.01017646232,JPY,CAD
4192,2023-08-01,0.1946480199,DKK,CAD
4193,2023-08-01,0.9127309414,AUD,CAD
4194,2023-08-01,1.0,CAD,CAD
4195,2023-08-01,1.471036585,CHF,CAD
4196,2023-08-01,0.1297275497,SEK,CAD
4197,2023-08-01,0.1372037915,NOK,CAD
4198,2023-08-01,0.07954739046,ZAR,CAD
4199,2023-08-01,0.2615128905,BRL,CAD
4200,2023-08-01,0.07009345794,MXN,CAD
4201,2023-08-01,0.1744101983,HKD,CAD
4202,2023-08-01,1.008008357,SGD,CAD
4203,2023-08-01,0.1952097746,CNY,CAD
4204,2023-08-01,0.8571682359,NZD,CAD
4205,2023-08-01,0.01640607733,INR,CAD
4206,2023-08-01,0.3700030418,AED,CAD
4207,2023-08-01,3.613961501,BHD,CAD
4208,2023-08-01,0.3623442358,SAR,CAD
4209,2023-08-01,0.01855879394,RUB,CAD
4210,2023-08-01,0.3089318109,PLN,CAD
4211,2023-08-01,0.03925210836,THB,CAD
4212,2023-08-01,0.3072856961,MYR,CAD
4213,2023-08-01,0.04418913622,TWD,CAD
4214,2023-08-01,0.05983630276,CZK,CAD
4215,2023-08-01,0.2924656012,RON,CAD
4216,2023-08-01,0.001072079278,KRW,CAD
4217,2023-08-01,0.003717739365,LKR,CAD
4218,2023-08-01,0.00005749605114,VND,CAD
4219,2023-08-01,0.984,EUR,CHF
4220,2023-08-01,1.111249139,GBP,CHF
4221,2023-08-01,0.9240304254,USD,CHF
4222,2023-08-01,0.006917885264,JPY,CHF
4223,2023-08-01,0.132320312,DKK,CHF
4224,2023-08-01,0.6204678731,AUD,CHF
4225,2023-08-01,0.6797927461,CAD,CHF
4226,2023-08-01,1.0,CHF,CHF
4227,2023-08-01,0.08818784728,SEK,CHF
4228,2023-08-01,0.09327014218,NOK,CHF
4229,2023-08-01,0.05407573901,ZAR,CHF
4230,2023-08-01,0.177774566,BRL,CHF
4231,2023-08-01,0.04764902426,MXN,CHF
4232,2023-08-01,0.1185627877,HKD,CHF
4233,2023-08-01,0.6852367688,SGD,CHF
4234,2023-08-01,0.1327021888,CNY,CHF
4235,2023-08-01,0.582696749,NZD,CHF
4236,2023-08-01,0.01115273236,INR,CHF
4237,2023-08-01,0.2515253839,AED,CHF
4238,2023-08-01,2.456744813,BHD,CHF
4239,2023-08-01,0.2463189831,SAR,CHF
4240,2023-08-01,0.0126161335,RUB,CHF
4241,2023-08-01,0.2100096041,PLN,CHF
4242,2023-08-01,0.02668329853,THB,CHF
4243,2023-08-01,0.2088905872,MYR,CHF
4244,2023-08-01,0.03003945426,TWD,CHF
4245,2023-08-01,0.04067628457,CZK,CHF
4246,2023-08-01,0.1988159942,RON,CHF
4247,2023-08-01,0.0007287917167,KRW,CHF
4248,2023-08-01,0.002527292252,LKR,CHF
4249,2023-08-01,0.0000390853985,VND,CHF
4250,2023-08-01,11.158,EUR,SEK
4251,2023-08-01,12.60093282,GBP,SEK
4252,2023-08-01,10.47797915,USD,SEK
4253,2023-08-01,0.07844488189,JPY,SEK
4254,2023-08-01,1.500437034,DKK,SEK
4255,2023-08-01,7.03575257,AUD,SEK
4256,2023-08-01,7.708462867,CAD,SEK
4257,2023-08-01,11.33943089,CHF,SEK
4258,2023-08-01,1.0,SEK,SEK
4259,2023-08-01,1.057630332,NOK,SEK
4260,2023-08-01,0.6131881055,ZAR,SEK
4261,2023-08-01,2.015862405,BRL,SEK
4262,2023-08-01,0.5403128178,MXN,SEK
4263,2023-08-01,1.344434537,HKD,SEK
4264,2023-08-01,7.770194986,SGD,SEK
4265,2023-08-01,1.504767299,CNY,SEK
4266,2023-08-01,6.607449517,NZD,SEK
4267,2023-08-01,0.1264656379,INR,SEK
4268,2023-08-01,2.852154709,AED,SEK
4269,2023-08-01,27.85808803,BHD,SEK
4270,2023-08-01,2.793117087,SAR,SEK
4271,2023-08-01,0.1430597739,RUB,SEK
4272,2023-08-01,2.381389393,PLN,SEK
4273,2023-08-01,0.3025734197,THB,SEK
4274,2023-08-01,2.368700378,MYR,SEK
4275,2023-08-01,0.3406303157,TWD,SEK
4276,2023-08-01,0.4612459179,CZK,SEK
4277,2023-08-01,2.254460227,RON,SEK
4278,2023-08-01,0.008264083307,KRW,SEK
4279,2023-08-01,0.02865805584,LKR,SEK
4280,2023-08-01,0.0004432061752,VND,SEK
4281,2023-08-01,10.55,EUR,NOK
4282,2023-08-01,11.91430733,GBP,NOK
4283,2023-08-01,9.907033524,USD,NOK
4284,2023-08-01,0.0741704162,JPY,NOK
4285,2023-08-01,1.418678142,DKK,NOK
4286,2023-08-01,6.652374046,AUD,NOK
4287,2023-08-01,7.288428325,CAD,NOK
4288,2023-08-01,10.72154472,CHF,NOK
4289,2023-08-01,0.945509948,SEK,NOK
4290,2023-08-01,1.0,NOK,NOK
4291,2023-08-01,0.5797754538,ZAR,NOK
4292,2023-08-01,1.906017958,BRL,NOK
4293,2023-08-01,0.5108711443,MXN,NOK
4294,2023-08-01,1.27117623,HKD,NOK
4295,2023-08-01,7.346796657,SGD,NOK
4296,2023-08-01,1.422772451,CNY,NOK
4297,2023-08-01,6.24740925,NZD,NOK
4298,2023-08-01,0.1195745187,INR,NOK
4299,2023-08-01,2.69674065,AED,NOK
4300,2023-08-01,26.34009937,BHD,NOK
4301,2023-08-01,2.640919991,SAR,NOK
4302,2023-08-01,0.1352644394,RUB,NOK
4303,2023-08-01,2.251627361,PLN,NOK
4304,2023-08-01,0.2860861784,THB,NOK
4305,2023-08-01,2.239629771,MYR,NOK
4306,2023-08-01,0.3220693521,TWD,NOK
4307,2023-08-01,0.4361126039,CZK,NOK
4308,2023-08-01,2.131614572,RON,NOK
4309,2023-08-01,0.007813772978,KRW,NOK
4310,2023-08-01,0.02709647689,LKR,NOK
4311,2023-08-01,0.0004190558477,VND,NOK
4312,2023-08-01,18.1967,EUR,ZAR
4313,2023-08-01,20.54986505,GBP,ZAR
4314,2023-08-01,17.08770777,USD,ZAR
4315,2023-08-01,0.1279295557,JPY,ZAR
4316,2023-08-01,2.446944127,DKK,ZAR
4317,2023-08-01,11.47405259,AUD,ZAR
4318,2023-08-01,12.57112263,CAD,ZAR
4319,2023-08-01,18.4925813,CHF,ZAR
4320,2023-08-01,1.630820936,SEK,ZAR
4321,2023-08-01,1.724805687,NOK,ZAR
4322,2023-08-01,1.0,ZAR,ZAR
4323,2023-08-01,3.287510614,BRL,ZAR
4324,2023-08-01,0.881153455,MXN,ZAR
4325,2023-08-01,2.19253199,HKD,ZAR
4326,2023-08-01,12.67179666,SGD,ZAR
4327,2023-08-01,2.454006015,CNY,ZAR
4328,2023-08-01,10.775567,NZD,ZAR
4329,2023-08-01,0.2062428099,INR,ZAR
4330,2023-08-01,4.65135361,AED,ZAR
4331,2023-08-01,45.43155319,BHD,ZAR
4332,2023-08-01,4.555073821,SAR,ZAR
4333,2023-08-01,0.2333048744,RUB,ZAR
4334,2023-08-01,3.883619678,PLN,ZAR
4335,2023-08-01,0.4934430675,THB,ZAR
4336,2023-08-01,3.862926167,MYR,ZAR
4337,2023-08-01,0.5555070501,TWD,ZAR
4338,2023-08-01,0.7522094994,CZK,ZAR
4339,2023-08-01,3.676620936,RON,ZAR
4340,2023-08-01,0.01347724007,KRW,ZAR
4341,2023-08-01,0.04673615744,LKR,ZAR
4342,2023-08-01,0.0007227899094,VND,ZAR
4343,2023-08-01,5.5351,EUR,BRL
4344,2023-08-01,6.250889338,GBP,BRL
4345,2023-08-01,5.197765048,USD,BRL
4346,2023-08-01,0.03891380765,JPY,BRL
4347,2023-08-01,0.744315202,DKK,BRL
4348,2023-08-01,3.490194842,AUD,BRL
4349,2023-08-01,3.823903282,CAD,BRL
4350,2023-08-01,5.625101626,CHF,BRL
4351,2023-08-01,0.4960656032,SEK,BRL
4352,2023-08-01,0.5246540284,NOK,BRL
4353,2023-08-01,0.3041815274,ZAR,BRL
4354,2023-08-01,1.0,BRL,BRL
4355,2023-08-01,0.2680306038,MXN,BRL
4356,2023-08-01,0.6669277297,HKD,BRL
4357,2023-08-01,3.854526462,SGD,BRL
4358,2023-08-01,0.7464632979,CNY,BRL
4359,2023-08-01,3.27772843,NZD,BRL
4360,2023-08-01,0.06273525295,INR,BRL
4361,2023-08-01,1.414855846,AED,BRL
4362,2023-08-01,13.81943924,BHD,BRL
4363,2023-08-01,1.385569312,SAR,BRL
4364,2023-08-01,0.07096703304,RUB,BRL
4365,2023-08-01,1.181325365,PLN,BRL
4366,2023-08-01,0.150096266,THB,BRL
4367,2023-08-01,1.175030782,MYR,BRL
4368,2023-08-01,0.168974983,TWD,BRL
4369,2023-08-01,0.2288082345,CZK,BRL
4370,2023-08-01,1.118360172,RON,BRL
4371,2023-08-01,0.00409952747,KRW,BRL
4372,2023-08-01,0.01421627576,LKR,BRL
4373,2023-08-01,0.0002198593386,VND,BRL
4374,2023-08-01,20.651,EUR,MXN
4375,2023-08-01,23.32155078,GBP,MXN
4376,2023-08-01,19.39243121,USD,MXN
4377,2023-08-01,0.1451841957,JPY,MXN
4378,2023-08-01,2.776978417,DKK,MXN
4379,2023-08-01,13.0216281,AUD,MXN
4380,2023-08-01,14.26666667,CAD,MXN
4381,2023-08-01,20.98678862,CHF,MXN
4382,2023-08-01,1.85077971,SEK,MXN
4383,2023-08-01,1.957440758,NOK,MXN
4384,2023-08-01,1.134876104,ZAR,MXN
4385,2023-08-01,3.730917237,BRL,MXN
4386,2023-08-01,1.0,MXN,MXN
4387,2023-08-01,2.488252163,HKD,MXN
4388,2023-08-01,14.38091922,SGD,MXN
4389,2023-08-01,2.784992785,CNY,MXN
4390,2023-08-01,12.2289335,NZD,MXN
4391,2023-08-01,0.2340600366,INR,MXN
4392,2023-08-01,5.278710063,AED,MXN
4393,2023-08-01,51.55918408,BHD,MXN
4394,2023-08-01,5.169444431,SAR,MXN
4395,2023-08-01,0.2647721269,RUB,MXN
4396,2023-08-01,4.407427169,PLN,MXN
4397,2023-08-01,0.5599967459,THB,MXN
4398,2023-08-01,4.383942598,MYR,MXN
4399,2023-08-01,0.6304316767,TWD,MXN
4400,2023-08-01,0.853664586,CZK,MXN
4401,2023-08-01,4.172509244,RON,MXN
4402,2023-08-01,0.0152949977,KRW,MXN
4403,2023-08-01,0.05303974827,LKR,MXN
4404,2023-08-01,0.0008202769963,VND,MXN
4405,2023-08-01,8.2994,EUR,HKD
4406,2023-08-01,9.372663723,GBP,HKD
4407,2023-08-01,7.793595643,USD,HKD
4408,2023-08-01,0.05834786277,JPY,HKD
4409,2023-08-01,1.11603577,DKK,HKD
4410,2023-08-01,5.233242954,AUD,HKD
4411,2023-08-01,5.733609672,CAD,HKD
4412,2023-08-01,8.434349593,CHF,HKD
4413,2023-08-01,0.7438071339,SEK,HKD
4414,2023-08-01,0.7866729858,NOK,HKD
4415,2023-08-01,0.4560936873,ZAR,HKD
4416,2023-08-01,1.499412838,BRL,HKD
4417,2023-08-01,0.4018885284,MXN,HKD
4418,2023-08-01,1.0,HKD,HKD
4419,2023-08-01,5.779526462,SGD,HKD
4420,2023-08-01,1.119256652,CNY,HKD
4421,2023-08-01,4.914668088,NZD,HKD
4422,2023-08-01,0.09406604367,INR,HKD
4423,2023-08-01,2.121453019,AED,HKD
4424,2023-08-01,20.72104462,BHD,HKD
4425,2023-08-01,2.077540415,SAR,HKD
4426,2023-08-01,0.1064088804,RUB,HKD
4427,2023-08-01,1.771294419,PLN,HKD
4428,2023-08-01,0.2250562681,THB,HKD
4429,2023-08-01,1.761856239,MYR,HKD
4430,2023-08-01,0.2533632588,TWD,HKD
4431,2023-08-01,0.3430780042,CZK,HKD
4432,2023-08-01,1.6768836,RON,HKD
4433,2023-08-01,0.006146884119,KRW,HKD
4434,2023-08-01,0.02131606638,LKR,HKD
4435,2023-08-01,0.0003296599149,VND,HKD
4436,2023-08-01,1.436,EUR,SGD
4437,2023-08-01,1.621700979,GBP,SGD
4438,2023-08-01,1.348483426,USD,SGD
4439,2023-08-01,0.01009561305,JPY,SGD
4440,2023-08-01,0.1931015935,DKK,SGD
4441,2023-08-01,0.9054795384,AUD,SGD
4442,2023-08-01,0.9920552677,CAD,SGD
4443,2023-08-01,1.459349593,CHF,SGD
4444,2023-08-01,0.1286968991,SEK,SGD
4445,2023-08-01,0.1361137441,NOK,SGD
4446,2023-08-01,0.07891540774,ZAR,SGD
4447,2023-08-01,0.2594352406,BRL,SGD
4448,2023-08-01,0.06953658418,MXN,SGD
4449,2023-08-01,0.173024556,HKD,SGD
4450,2023-08-01,1.0,SGD,SGD
4451,2023-08-01,0.1936588852,CNY,SGD
4452,2023-08-01,0.8503582638,NZD,SGD
4453,2023-08-01,0.01627573544,INR,SGD
4454,2023-08-01,0.3670634667,AED,SGD
4455,2023-08-01,3.585249544,BHD,SGD
4456,2023-08-01,0.3594655078,SAR,SGD
4457,2023-08-01,0.01841134929,RUB,SGD
4458,2023-08-01,0.3064774304,PLN,SGD
4459,2023-08-01,0.03894026087,THB,SGD
4460,2023-08-01,0.3048443935,MYR,SGD
4461,2023-08-01,0.04383806536,TWD,SGD
4462,2023-08-01,0.05936091935,CZK,SGD
4463,2023-08-01,0.2901420403,RON,SGD
4464,2023-08-01,0.001063561895,KRW,SGD
4465,2023-08-01,0.003688202921,LKR,SGD
4466,2023-08-01,0.00005703926041,VND,SGD
4467,2023-08-01,7.4151,EUR,CNY
4468,2023-08-01,8.374007612,GBP,CNY
4469,2023-08-01,6.963189032,USD,CNY
4470,2023-08-01,0.05213090551,JPY,CNY
4471,2023-08-01,0.9971223022,DKK,CNY
4472,2023-08-01,4.675641592,AUD,CNY
4473,2023-08-01,5.122694301,CAD,CNY
4474,2023-08-01,7.535670732,CHF,CNY
4475,2023-08-01,0.6645545797,SEK,CNY
4476,2023-08-01,0.7028530806,NOK,CNY
4477,2023-08-01,0.4074969637,ZAR,CNY
4478,2023-08-01,1.339650593,BRL,CNY
4479,2023-08-01,0.3590673575,MXN,CNY
4480,2023-08-01,0.8934501289,HKD,CNY
4481,2023-08-01,5.163718663,SGD,CNY
4482,2023-08-01,1.0,CNY,CNY
4483,2023-08-01,4.391010837,NZD,CNY
4484,2023-08-01,0.08404331884,INR,CNY
4485,2023-08-01,1.895412474,AED,CNY
4486,2023-08-01,18.51321998,BHD,CNY
4487,2023-08-01,1.856178751,SAR,CNY
4488,2023-08-01,0.09507102793,RUB,CNY
4489,2023-08-01,1.582563227,PLN,CNY
4490,2023-08-01,0.2010765518,THB,CNY
4491,2023-08-01,1.574130684,MYR,CNY
4492,2023-08-01,0.2263674363,TWD,CNY
4493,2023-08-01,0.3065230871,CZK,CNY
4494,2023-08-01,1.498211868,RON,CNY
4495,2023-08-01,0.005491934409,KRW,CNY
4496,2023-08-01,0.01904484225,LKR,CNY
4497,2023-08-01,0.0002945346935,VND,CNY
4498,2023-08-01,1.6887,EUR,NZD
4499,2023-08-01,1.907079696,GBP,NZD
4500,2023-08-01,1.585782703,USD,NZD
4501,2023-08-01,0.01187218785,JPY,NZD
4502,2023-08-01,0.227082633,DKK,NZD
4503,2023-08-01,1.064821237,AUD,NZD
4504,2023-08-01,1.166632124,CAD,NZD
4505,2023-08-01,1.716158537,CHF,NZD
4506,2023-08-01,0.1513443269,SEK,NZD
4507,2023-08-01,0.1600663507,NOK,NZD
4508,2023-08-01,0.09280254112,ZAR,NZD
4509,2023-08-01,0.3050893389,BRL,NZD
4510,2023-08-01,0.08177327974,MXN,NZD
4511,2023-08-01,0.2034725402,HKD,NZD
4512,2023-08-01,1.17597493,SGD,NZD
4513,2023-08-01,0.2277379941,CNY,NZD
4514,2023-08-01,1.0,NZD,NZD
4515,2023-08-01,0.01913985685,INR,NZD
4516,2023-08-01,0.4316574347,AED,NZD
4517,2023-08-01,4.216163583,BHD,NZD
4518,2023-08-01,0.4227224255,SAR,NZD
4519,2023-08-01,0.0216512852,RUB,NZD
4520,2023-08-01,0.3604097748,PLN,NZD
4521,2023-08-01,0.04579277056,THB,NZD
4522,2023-08-01,0.3584893644,MYR,NZD
4523,2023-08-01,0.05155246586,TWD,NZD
4524,2023-08-01,0.069806953,CZK,NZD
4525,2023-08-01,0.3411997656,RON,NZD
4526,2023-08-01,0.001250722126,KRW,NZD
4527,2023-08-01,0.004337234173,LKR,NZD
4528,2023-08-01,0.00006707674029,VND,NZD
4529,2023-08-01,88.2295,EUR,INR
4530,2023-08-01,99.63918283,GBP,INR
4531,2023-08-01,82.85238051,USD,INR
4532,2023-08-01,0.6202861361,JPY,INR
4533,2023-08-01,11.86438513,DKK,INR
4534,2023-08-01,55.63370957,AUD,INR
4535,2023-08-01,60.95302245,CAD,INR
4536,2023-08-01,89.66412602,CHF,INR
4537,2023-08-01,7.907286252,SEK,INR
4538,2023-08-01,8.362985782,NOK,INR
4539,2023-08-01,4.848653877,ZAR,INR
4540,2023-08-01,15.94000108,BRL,INR
4541,2023-08-01,4.272408116,MXN,INR
4542,2023-08-01,10.63082873,HKD,INR
4543,2023-08-01,61.44115599,SGD,INR
4544,2023-08-01,11.89862578,CNY,INR
4545,2023-08-01,52.24699473,NZD,INR
4546,2023-08-01,1.0,INR,INR
4547,2023-08-01,22.55280372,AED,INR
4548,2023-08-01,220.2818765,BHD,INR
4549,2023-08-01,22.08597634,SAR,INR
4550,2023-08-01,1.131214584,RUB,INR
4551,2023-08-01,18.83032761,PLN,INR
4552,2023-08-01,2.392534642,THB,INR
4553,2023-08-01,18.72999193,MYR,INR
4554,2023-08-01,2.693461412,TWD,INR
4555,2023-08-01,3.647203505,CZK,INR
4556,2023-08-01,17.82666236,RON,INR
4557,2023-08-01,0.06534647232,KRW,INR
4558,2023-08-01,0.226607451,LKR,INR
4559,2023-08-01,0.003504558096,VND,INR
4560,2023-08-01,3.91213,EUR,AED
4561,2023-08-01,4.418039729,GBP,AED
4562,2023-08-01,3.673706451,USD,AED
4563,2023-08-01,0.0275037261,JPY,AED
4564,2023-08-01,0.5260714046,DKK,AED
4565,2023-08-01,2.466820102,AUD,AED
4566,2023-08-01,2.702680484,CAD,AED
4567,2023-08-01,3.97574187,CHF,AED
4568,2023-08-01,0.3506121169,SEK,AED
4569,2023-08-01,0.3708180095,NOK,AED
4570,2023-08-01,0.2149911797,ZAR,AED
4571,2023-08-01,0.7067857853,BRL,AED
4572,2023-08-01,0.1894402208,MXN,AED
4573,2023-08-01,0.4713750392,HKD,AED
4574,2023-08-01,2.724324513,SGD,AED
4575,2023-08-01,0.5275896482,CNY,AED
4576,2023-08-01,2.316651862,NZD,AED
4577,2023-08-01,0.04434038502,INR,AED
4578,2023-08-01,1.0,AED,AED
4579,2023-08-01,9.767383217,BHD,AED
4580,2023-08-01,0.9793006944,SAR,AED
4581,2023-08-01,0.05015849018,RUB,AED
4582,2023-08-01,0.8349439761,PLN,AED
4583,2023-08-01,0.1060859072,THB,AED
4584,2023-08-01,0.8304950537,MYR,AED
4585,2023-08-01,0.119429116,TWD,AED
4586,2023-08-01,0.1617184077,CZK,AED
4587,2023-08-01,0.7904410725,RON,AED
4588,2023-08-01,0.002897487742,KRW,AED
4589,2023-08-01,0.01004786162,LKR,AED
4590,2023-08-01,0.0001553934553,VND,AED
4591,2023-08-01,0.40053,EUR,BHD
4592,2023-08-01,0.4523258309,GBP,BHD
4593,2023-08-01,0.3761198235,USD,BHD
4594,2023-08-01,0.002815874578,JPY,BHD
4595,2023-08-01,0.05386001479,DKK,BHD
4596,2023-08-01,0.2525569077,AUD,BHD
4597,2023-08-01,0.2767046632,CAD,BHD
4598,2023-08-01,0.4070426829,CHF,BHD
4599,2023-08-01,0.03589621796,SEK,BHD
4600,2023-08-01,0.03796492891,NOK,BHD
4601,2023-08-01,0.02201113389,ZAR,BHD
4602,2023-08-01,0.07236183628,BRL,BHD
4603,2023-08-01,0.01939518667,MXN,BHD
4604,2023-08-01,0.04826011519,HKD,BHD
4605,2023-08-01,0.2789206128,SGD,BHD
4606,2023-08-01,0.05401545495,CNY,BHD
4607,2023-08-01,0.237182448,NZD,BHD
4608,2023-08-01,0.004539638103,INR,BHD
4609,2023-08-01,0.1023815671,AED,BHD
4610,2023-08-01,1.0,BHD,BHD
4611,2023-08-01,0.1002623397,SAR,BHD
4612,2023-08-01,0.005135304826,RUB,BHD
4613,2023-08-01,0.08548287269,PLN,BHD
4614,2023-08-01,0.01086124142,THB,BHD
4615,2023-08-01,0.08502738505,MYR,BHD
4616,2023-08-01,0.01222734006,TWD,BHD
4617,2023-08-01,0.016556984,CZK,BHD
4618,2023-08-01,0.08092659568,RON,BHD
4619,2023-08-01,0.0002966493356,KRW,BHD
4620,2023-08-01,0.001028715819,LKR,BHD
4621,2023-08-01,0.00001590942547,VND,BHD
4622,2023-08-01,3.99482,EUR,SAR
4623,2023-08-01,4.511423054,GBP,SAR
4624,2023-08-01,3.751356935,USD,SAR
4625,2023-08-01,0.02808506749,JPY,SAR
4626,2023-08-01,0.5371908828,DKK,SAR
4627,2023-08-01,2.518960842,AUD,SAR
4628,2023-08-01,2.759806563,CAD,SAR
4629,2023-08-01,4.059776423,CHF,SAR
4630,2023-08-01,0.3580229432,SEK,SAR
4631,2023-08-01,0.3786559242,NOK,SAR
4632,2023-08-01,0.2195354103,ZAR,SAR
4633,2023-08-01,0.7217249914,BRL,SAR
4634,2023-08-01,0.1934443853,MXN,SAR
4635,2023-08-01,0.48133841,HKD,SAR
4636,2023-08-01,2.781908078,SGD,SAR
4637,2023-08-01,0.5387412172,CNY,SAR
4638,2023-08-01,2.365618523,NZD,SAR
4639,2023-08-01,0.0452775999,INR,SAR
4640,2023-08-01,1.021136823,AED,SAR
4641,2023-08-01,9.973834669,BHD,SAR
4642,2023-08-01,1.0,SAR,SAR
4643,2023-08-01,0.05121868131,RUB,SAR
4644,2023-08-01,0.8525920393,PLN,SAR
4645,2023-08-01,0.1083282263,THB,SAR
4646,2023-08-01,0.8480490808,MYR,SAR
4647,2023-08-01,0.1219534682,TWD,SAR
4648,2023-08-01,0.1651366211,CZK,SAR
4649,2023-08-01,0.8071484856,RON,SAR
4650,2023-08-01,0.002958731428,KRW,SAR
4651,2023-08-01,0.0102602415,LKR,SAR
4652,2023-08-01,0.0001586779793,VND,SAR
4653,2023-08-01,77.99537,EUR,RUB
4654,2023-08-01,88.08159324,GBP,RUB
4655,2023-08-01,73.24196638,USD,RUB
4656,2023-08-01,0.5483364033,JPY,RUB
4657,2023-08-01,10.48818261,DKK,RUB
4658,2023-08-01,49.18050949,AUD,RUB
4659,2023-08-01,53.88281174,CAD,RUB
4660,2023-08-01,79.2635874,CHF,RUB
4661,2023-08-01,6.990085141,SEK,RUB
4662,2023-08-01,7.392926066,NOK,RUB
4663,2023-08-01,4.286237065,ZAR,RUB
4664,2023-08-01,14.09104985,BRL,RUB
4665,2023-08-01,3.776832599,MXN,RUB
4666,2023-08-01,9.397711883,HKD,RUB
4667,2023-08-01,54.31432451,SGD,RUB
4668,2023-08-01,10.51845154,CNY,RUB
4669,2023-08-01,46.18663469,NZD,RUB
4670,2023-08-01,0.8840055764,INR,RUB
4671,2023-08-01,19.93680425,AED,RUB
4672,2023-08-01,194.7304072,BHD,RUB
4673,2023-08-01,19.52412624,SAR,RUB
4674,2023-08-01,1.0,RUB,RUB
4675,2023-08-01,16.64611461,PLN,RUB
4676,2023-08-01,2.115013965,THB,RUB
4677,2023-08-01,16.55741731,MYR,RUB
4678,2023-08-01,2.381034908,TWD,RUB
4679,2023-08-01,3.224148237,CZK,RUB
4680,2023-08-01,15.75886893,RON,RUB
4681,2023-08-01,0.05776664593,KRW,RUB
4682,2023-08-01,0.2003222503,LKR,RUB
4683,2023-08-01,0.0030980489,VND,RUB
4684,2023-08-01,4.6855,EUR,PLN
4685,2023-08-01,5.291420569,GBP,PLN
4686,2023-08-01,4.399943657,USD,PLN
4687,2023-08-01,0.03294080427,JPY,PLN
4688,2023-08-01,0.6300679083,DKK,PLN
4689,2023-08-01,2.9544738,AUD,PLN
4690,2023-08-01,3.236960276,CAD,PLN
4691,2023-08-01,4.761686992,CHF,PLN
4692,2023-08-01,0.4199229253,SEK,PLN
4693,2023-08-01,0.4441232227,NOK,PLN
4694,2023-08-01,0.257491743,ZAR,PLN
4695,2023-08-01,0.8465068382,BRL,PLN
4696,2023-08-01,0.226889739,MXN,PLN
4697,2023-08-01,0.5645588838,HKD,PLN
4698,2023-08-01,3.262883008,SGD,PLN
4699,2023-08-01,0.6318862861,CNY,PLN
4700,2023-08-01,2.77461953,NZD,PLN
4701,2023-08-01,0.05310582062,INR,PLN
4702,2023-08-01,1.197685148,AED,PLN
4703,2023-08-01,11.69824982,BHD,PLN
4704,2023-08-01,1.172893898,SAR,PLN
4705,2023-08-01,0.06007407876,RUB,PLN
4706,2023-08-01,1.0,PLN,PLN
4707,2023-08-01,0.1270575155,THB,PLN
4708,2023-08-01,0.9946715917,MYR,PLN
4709,2023-08-01,0.1430384786,TWD,PLN
4710,2023-08-01,0.1936877351,CZK,PLN
4711,2023-08-01,0.9466995333,RON,PLN
4712,2023-08-01,0.003470278037,KRW,PLN
4713,2023-08-01,0.01203417464,LKR,PLN
4714,2023-08-01,0.0001861124336,VND,PLN
4715,2023-08-01,36.877,EUR,THB
4716,2023-08-01,41.64586839,GBP,THB
4717,2023-08-01,34.62954268,USD,THB
4718,2023-08-01,0.2592589989,JPY,THB
4719,2023-08-01,4.958918846,DKK,THB
4720,2023-08-01,23.25304244,AUD,THB
4721,2023-08-01,25.47633851,CAD,THB
4722,2023-08-01,37.47662602,CHF,THB
4723,2023-08-01,3.304982972,SEK,THB
4724,2023-08-01,3.495450237,NOK,THB
4725,2023-08-01,2.026576247,ZAR,THB
4726,2023-08-01,6.662390923,BRL,THB
4727,2023-08-01,1.785724662,MXN,THB
4728,2023-08-01,4.443333253,HKD,THB
4729,2023-08-01,25.68036212,SGD,THB
4730,2023-08-01,4.9732303,CNY,THB
4731,2023-08-01,21.83750814,NZD,THB
4732,2023-08-01,0.4179667798,INR,THB
4733,2023-08-01,9.426322745,AED,THB
4734,2023-08-01,92.07050658,BHD,THB
4735,2023-08-01,9.23120441,SAR,THB
4736,2023-08-01,0.4728101168,RUB,THB
4737,2023-08-01,7.870451393,PLN,THB
4738,2023-08-01,1.0,THB,THB
4739,2023-08-01,7.828514414,MYR,THB
4740,2023-08-01,1.125777393,TWD,THB
4741,2023-08-01,1.524409905,CZK,THB
4742,2023-08-01,7.45095266,RON,THB
4743,2023-08-01,0.02731265461,KRW,THB
4744,2023-08-01,0.09471438657,LKR,THB
4745,2023-08-01,0.001464788862,VND,THB
4746,2023-08-01,4.7106,EUR,MYR
4747,2023-08-01,5.319766457,GBP,MYR
4748,2023-08-01,4.423513945,USD,MYR
4749,2023-08-01,0.03311726659,JPY,MYR
4750,2023-08-01,0.633443152,DKK,MYR
4751,2023-08-01,2.970300776,AUD,MYR
4752,2023-08-01,3.254300518,CAD,MYR
4753,2023-08-01,4.787195122,CHF,MYR
4754,2023-08-01,0.4221724323,SEK,MYR
4755,2023-08-01,0.4465023697,NOK,MYR
4756,2023-08-01,0.258871114,ZAR,MYR
4757,2023-08-01,0.8510415349,BRL,MYR
4758,2023-08-01,0.2281051765,MXN,MYR
4759,2023-08-01,0.5675831988,HKD,MYR
4760,2023-08-01,3.280362117,SGD,MYR
4761,2023-08-01,0.6352712708,CNY,MYR
4762,2023-08-01,2.789483034,NZD,MYR
4763,2023-08-01,0.05339030596,INR,MYR
4764,2023-08-01,1.204101091,AED,MYR
4765,2023-08-01,11.76091679,BHD,MYR
4766,2023-08-01,1.179177034,SAR,MYR
4767,2023-08-01,0.06039589273,RUB,MYR
4768,2023-08-01,1.005356952,PLN,MYR
4769,2023-08-01,0.1277381566,THB,MYR
4770,2023-08-01,1.0,MYR,MYR
4771,2023-08-01,0.1438047289,TWD,MYR
4772,2023-08-01,0.1947253111,CZK,MYR
4773,2023-08-01,0.9517709575,RON,MYR
4774,2023-08-01,0.003488868151,KRW,MYR
4775,2023-08-01,0.01209864114,LKR,MYR
4776,2023-08-01,0.000187109429,VND,MYR
4777,2023-08-01,32.75692,EUR,TWD
4778,2023-08-01,36.99298693,GBP,TWD
4779,2023-08-01,30.76055968,USD,TWD
4780,2023-08-01,0.2302933071,JPY,TWD
4781,2023-08-01,4.404884018,DKK,TWD
4782,2023-08-01,20.65509805,AUD,TWD
4783,2023-08-01,22.62999655,CAD,TWD
4784,2023-08-01,33.28955285,CHF,TWD
4785,2023-08-01,2.935734003,SEK,TWD
4786,2023-08-01,3.104921327,NOK,TWD
4787,2023-08-01,1.800157171,ZAR,TWD
4788,2023-08-01,5.918035808,BRL,TWD
4789,2023-08-01,1.586214711,MXN,TWD
4790,2023-08-01,3.946902186,HKD,TWD
4791,2023-08-01,22.81122563,SGD,TWD
4792,2023-08-01,4.417596526,CNY,TWD
4793,2023-08-01,19.39771422,NZD,TWD
4794,2023-08-01,0.3712694734,INR,TWD
4795,2023-08-01,8.373167558,AED,TWD
4796,2023-08-01,81.78393628,BHD,TWD
4797,2023-08-01,8.199848804,SAR,TWD
4798,2023-08-01,0.4199854427,RUB,TWD
4799,2023-08-01,6.991125814,PLN,TWD
4800,2023-08-01,0.8882750766,THB,TWD
4801,2023-08-01,6.953874241,MYR,TWD
4802,2023-08-01,1.0,TWD,TWD
4803,2023-08-01,1.354095325,CZK,TWD
4804,2023-08-01,6.618495545,RON,TWD
4805,2023-08-01,0.02426115037,KRW,TWD
4806,2023-08-01,0.08413242898,LKR,TWD
4807,2023-08-01,0.001301135439,VND,TWD
4808,2023-08-01,24.191,EUR,CZK
4809,2023-08-01,27.31933732,GBP,CZK
4810,2023-08-01,22.71668701,USD,CZK
4811,2023-08-01,0.1700717098,JPY,CZK
4812,2023-08-01,3.253008808,DKK,CZK
4813,2023-08-01,15.2537991,AUD,CZK
4814,2023-08-01,16.71226252,CAD,CZK
4815,2023-08-01,24.58434959,CHF,CZK
4816,2023-08-01,2.168040868,SEK,CZK
4817,2023-08-01,2.292985782,NOK,CZK
4818,2023-08-01,1.329416872,ZAR,CZK
4819,2023-08-01,4.370472078,BRL,CZK
4820,2023-08-01,1.17142027,MXN,CZK
4821,2023-08-01,2.914789021,HKD,CZK
4822,2023-08-01,16.84610028,SGD,CZK
4823,2023-08-01,3.262397001,CNY,CZK
4824,2023-08-01,14.32522058,NZD,CZK
4825,2023-08-01,0.2741826713,INR,CZK
4826,2023-08-01,6.183587969,AED,CZK
4827,2023-08-01,60.39747335,BHD,CZK
4828,2023-08-01,6.055591992,SAR,CZK
4829,2023-08-01,0.3101594364,RUB,CZK
4830,2023-08-01,5.162949525,PLN,CZK
4831,2023-08-01,0.6559915394,THB,CZK
4832,2023-08-01,5.135439222,MYR,CZK
4833,2023-08-01,0.7385004451,TWD,CZK
4834,2023-08-01,1.0,CZK,CZK
4835,2023-08-01,4.887761906,RON,CZK
4836,2023-08-01,0.01791687034,KRW,CZK
4837,2023-08-01,0.06213183625,LKR,CZK
4838,2023-08-01,0.0009608891007,VND,CZK
4839,2023-08-01,4.9493,EUR,RON
4840,2023-08-01,5.589334719,GBP,RON
4841,2023-08-01,4.647666448,USD,RON
4842,2023-08-01,0.0347954162,JPY,RON
4843,2023-08-01,0.6655415854,DKK,RON
4844,2023-08-01,3.120814679,AUD,RON
4845,2023-08-01,3.419205527,CAD,RON
4846,2023-08-01,5.029776423,CHF,RON
4847,2023-08-01,0.443565155,SEK,RON
4848,2023-08-01,0.4691279621,NOK,RON
4849,2023-08-01,0.2719888771,ZAR,RON
4850,2023-08-01,0.8941663204,BRL,RON
4851,2023-08-01,0.2396639388,MXN,RON
4852,2023-08-01,0.596344314,HKD,RON
4853,2023-08-01,3.446587744,SGD,RON
4854,2023-08-01,0.6674623404,CNY,RON
4855,2023-08-01,2.93083437,NZD,RON
4856,2023-08-01,0.05609575029,INR,RON
4857,2023-08-01,1.265116446,AED,RON
4858,2023-08-01,12.35687714,BHD,RON
4859,2023-08-01,1.238929414,SAR,RON
4860,2023-08-01,0.06345633081,RUB,RON
4861,2023-08-01,1.056301355,PLN,RON
4862,2023-08-01,0.1342110258,THB,RON
4863,2023-08-01,1.05067295,MYR,RON
4864,2023-08-01,0.1510917388,TWD,RON
4865,2023-08-01,0.1510917388,CZK,RON
4866,2023-08-01,1.0,RON,RON
4867,2023-08-01,0.003665659394,KRW,RON
4868,2023-08-01,0.01271171498,LKR,RON
4869,2023-08-01,0.0001965908158,VND,RON
4870,2023-08-01,1350.18,EUR,KRW
4871,2023-08-01,1524.782889,GBP,KRW
4872,2023-08-01,1267.893699,USD,KRW
4873,2023-08-01,9.492266592,JPY,KRW
4874,2023-08-01,181.5612183,DKK,KRW
4875,2023-08-01,851.3651554,AUD,KRW
4876,2023-08-01,932.7668394,CAD,KRW
4877,2023-08-01,1372.134146,CHF,KRW
4878,2023-08-01,121.0055566,SEK,KRW
4879,2023-08-01,127.9791469,NOK,KRW
4880,2023-08-01,74.19916798,ZAR,KRW
4881,2023-08-01,243.9305523,BRL,KRW
4882,2023-08-01,65.38085323,MXN,KRW
4883,2023-08-01,162.6840494,HKD,KRW
4884,2023-08-01,940.2367688,SGD,KRW
4885,2023-08-01,182.0852045,CNY,KRW
4886,2023-08-01,799.5381062,NZD,KRW
4887,2023-08-01,15.3030449,INR,KRW
4888,2023-08-01,345.1265679,AED,KRW
4889,2023-08-01,3370.983447,BHD,KRW
4890,2023-08-01,337.9826876,SAR,KRW
4891,2023-08-01,17.31102756,RUB,KRW
4892,2023-08-01,288.1613488,PLN,KRW
4893,2023-08-01,36.61306505,THB,KRW
4894,2023-08-01,286.6259075,MYR,KRW
4895,2023-08-01,41.21816093,TWD,KRW
4896,2023-08-01,41.21816093,CZK,KRW
4897,2023-08-01,272.8022145,RON,KRW
4898,2023-08-01,1.0,KRW,KRW
4899,2023-08-01,3.467783997,LKR,KRW
4900,2023-08-01,0.0536304099,VND,KRW
4901,2023-08-01,389.34951,EUR,LKR
4902,2023-08-01,439.6994997,GBP,LKR
4903,2023-08-01,365.620725,USD,LKR
4904,2023-08-01,2.737271583,JPY,LKR
4905,2023-08-01,52.35655349,DKK,LKR
4906,2023-08-01,245.506974,AUD,LKR
4907,2023-08-01,268.9806632,CAD,LKR
4908,2023-08-01,395.6803963,CHF,LKR
4909,2023-08-01,34.89420237,SEK,LKR
4910,2023-08-01,36.90516682,NOK,LKR
4911,2023-08-01,21.39670984,ZAR,LKR
4912,2023-08-01,70.34191072,BRL,LKR
4913,2023-08-01,18.8537848,MXN,LKR
4914,2023-08-01,46.91297082,HKD,LKR
4915,2023-08-01,271.1347563,SGD,LKR
4916,2023-08-01,52.50765465,CNY,LKR
4917,2023-08-01,230.5616806,NZD,LKR
4918,2023-08-01,4.412917562,INR,LKR
4919,2023-08-01,99.52366358,AED,LKR
4920,2023-08-01,972.0857614,BHD,LKR
4921,2023-08-01,97.46359285,SAR,LKR
4922,2023-08-01,4.991956702,RUB,LKR
4923,2023-08-01,83.09668338,PLN,LKR
4924,2023-08-01,10.55805814,THB,LKR
4925,2023-08-01,82.65391033,MYR,LKR
4926,2023-08-01,11.88602317,TWD,LKR
4927,2023-08-01,11.88602317,CZK,LKR
4928,2023-08-01,78.66759138,RON,LKR
4929,2023-08-01,0.2883685953,KRW,LKR
4930,2023-08-01,1.0,LKR,LKR
4931,2023-08-01,0.01546532597,VND,LKR
4932,2023-08-01,25175.642,EUR,VND
4933,2023-08-01,28431.31148,GBP,VND
4934,2023-08-01,23641.32031,USD,VND
4935,2023-08-01,176.9941085,JPY,VND
4936,2023-08-01,3385.415451,DKK,VND
4937,2023-08-01,15874.6718,AUD,VND
4938,2023-08-01,17392.49879,CAD,VND
4939,2023-08-01,25585.00203,CHF,VND
4940,2023-08-01,2256.286252,SEK,VND
4941,2023-08-01,2386.316777,NOK,VND
4942,2023-08-01,1383.527892,ZAR,VND
4943,2023-08-01,4548.362631,BRL,VND
4944,2023-08-01,1219.100383,MXN,VND
4945,2023-08-01,3033.429164,HKD,VND
4946,2023-08-01,17531.78412,SGD,VND
4947,2023-08-01,3395.18577,CNY,VND
4948,2023-08-01,14908.29751,NZD,VND
4949,2023-08-01,285.3426802,INR,VND
4950,2023-08-01,6435.277458,AED,VND
4951,2023-08-01,62855.82104,BHD,VND
4952,2023-08-01,6302.071683,SAR,VND
4953,2023-08-01,322.7838011,RUB,VND
4954,2023-08-01,5373.096148,PLN,VND
4955,2023-08-01,682.6922472,THB,VND
4956,2023-08-01,5344.466098,MYR,VND
4957,2023-08-01,768.5594983,TWD,VND
4958,2023-08-01,768.5594983,CZK,VND
4959,2023-08-01,5086.707615,RON,VND
4960,2023-08-01,18.64613755,KRW,VND
4961,2023-08-01,64.66077741,LKR,VND
4962,2023-08-01,1.0,VND,VND
